,chemical_symbol,atomic_number,atomic_energy_hfomo,atomic_energy_hpomo,atomic_energy_lfumo,atomic_energy_lpumo,electron_affinity_energy_difference,ionization_energy_energy_difference,electron_affinity_half_charged_homo,ionization_energy_half_charged_homo,r_up_s_neg_1.0,r_up_p_neg_1.0,r_up_d_neg_1.0,r_up_val_neg_1.0,r_up_s_neg_0.5,r_up_p_neg_0.5,r_up_d_neg_0.5,r_up_val_neg_0.5,r_up_s_0.0,r_up_p_0.0,r_up_d_0.0,r_up_val_0.0,r_up_s_0.5,r_up_p_0.5,r_up_d_0.5,r_up_val_0.5,r_up_s_1.0,r_up_p_1.0,r_up_d_1.0,r_up_val_1.0,r_dn_s_neg_1.0,r_dn_p_neg_1.0,r_dn_d_neg_1.0,r_dn_val_neg_1.0,r_dn_s_neg_0.5,r_dn_p_neg_0.5,r_dn_d_neg_0.5,r_dn_val_neg_0.5,r_dn_s_0.0,r_dn_p_0.0,r_dn_d_0.0,r_dn_val_0.0,r_dn_s_0.5,r_dn_p_0.5,r_dn_d_0.5,r_dn_val_0.5,r_dn_s_1.0,r_dn_p_1.0,r_dn_d_1.0,r_dn_val_1.0
0,H,1.0,-1.397504966199283e-18,-1.397504966199283e-18,2.293884333297984e-19,2.293884333297984e-19,-8.09887130764169e-20,2.1864973958685374e-18,-9.450599015450881e-20,2.226759541592947e-18,0.64415,,,0.64415,0.57675,,,0.57675,0.52315,,,0.52315,0.49365,,,0.49365,0.52885,,,0.52885,0.64415,,,0.64415,0.6555500000000001,,,0.57675,,,,2.64375,,,,2.18795,0.52885,,,0.52885
1,He,2.0,-2.8581661326138818e-18,-2.8581661326138818e-18,3.1452489460586883e-19,3.1452489460586883e-19,3.1401291956176694e-19,3.924854029159711e-18,2.986985939456064e-19,3.9822388301775755e-18,2.85195,,,2.85195,2.79155,,,2.79155,0.29655,,,0.29655,0.27495,,,0.27495,0.25945,,,0.25945,2.54615,,,2.85195,2.55795,,,2.79155,0.29655,,,0.29655,0.28805,,,0.27495,,,,1.1562500000000002
2,Li,3.0,-5.467395674947584e-19,-5.467395674947584e-19,-1.4273791514707198e-19,-1.4273791514707198e-19,-1.9671347589775118e-20,8.890915154777865e-19,-2.73123048547776e-20,9.028553649999744e-19,2.05605,,,2.05605,1.82015,,,1.82015,1.6162500000000002,,,1.6162500000000002,1.55265,,,1.55265,0.19135,,,0.19135,2.05605,,,2.05605,1.88115,,,1.82015,1.47015,,,1.6162500000000002,1.50025,,,1.55265,0.19135,,,0.19135
3,Be,4.0,-9.725756828307072e-19,-9.725756828307072e-19,-2.3601663801004803e-19,-2.3601663801004803e-19,1.6616960228400098e-19,1.436375482977653e-18,1.755569010475392e-19,1.4419140977746176e-18,1.16905,1.69585,,1.69585,1.1238500000000002,1.4843500000000005,,1.4843500000000005,1.08065,,,1.08065,1.0356500000000002,,,1.0356500000000002,1.0036500000000002,,,1.0036500000000002,1.15895,1.69585,,1.69585,1.12145,1.4843500000000005,,1.4843500000000005,1.08065,,,1.08065,1.05245,,,1.0356500000000002,0.99965,,,1.0036500000000002
4,B,5.0,-1.5405985645561728e-18,-6.114530833854913e-19,-3.700851754619712e-19,-6.114530833854913e-19,-6.561900795778136e-20,1.2778200851498962e-18,-5.315701592490241e-20,1.2601167187890625e-18,0.81705,0.94695,,0.94695,0.81065,0.90095,,0.90095,0.80055,0.85895,,0.85895,0.78695,0.81565,,0.81565,0.7714500000000001,0.76985,,0.7714500000000001,0.8187500000000001,,,0.94695,0.8129500000000001,0.90095,,0.90095,0.8028500000000001,0.85895,,0.85895,0.7886500000000001,0.81565,,0.81565,0.7714500000000001,0.76985,,0.7714500000000001
5,C,6.0,-2.0856141900069497e-18,-1.0530802514960449e-18,-4.301988422743873e-19,-1.0530802514960449e-18,-3.4858889398676616e-19,1.8898467524599942e-18,-3.361719029294976e-19,1.8733273899275712e-18,0.64895,0.6718500000000001,,0.6718500000000001,0.64485,0.65935,,0.65925,0.63895,0.6415500000000001,,0.6415500000000001,0.6314500000000001,0.6194500000000001,,0.6194500000000001,0.62305,0.59465,,0.59465,0.65715,,,0.6718500000000001,0.65245,0.65935,,0.65925,0.6455500000000001,0.6415500000000001,,0.6415500000000001,0.63665,0.6194500000000001,,0.6194500000000001,0.62665,0.59465,,0.59465
6,N,7.0,-1.5698687292415681e-18,-1.5698687292415681e-18,-4.389947919225792e-19,-4.389947919225792e-19,1.8304540023206013e-19,2.574383365133017e-18,1.9961037865560962e-19,2.5609815955749316e-18,0.54125,0.5276500000000001,,0.52775,0.53825,0.5226500000000001,,0.5226500000000001,0.53345,0.51275,,0.51275,0.52615,0.49775,,0.49775,0.51865,0.48135,,0.48135,0.55135,,,0.52775,0.54955,0.5226500000000001,,0.5226500000000001,0.54555,0.51275,,0.51275,0.53585,0.49775,,0.49775,0.52595,0.48135,,0.48135
7,O,8.0,-1.968902031888153e-18,-1.0502219684045377e-18,5.35384941783149e-19,-1.0502219684045377e-18,-2.5732158210572507e-19,1.9971478797183484e-18,-2.3733042283910405e-19,1.978640061389376e-18,0.46435,0.44325,,0.44335,0.46175,0.43735,,0.43745,0.45815,0.42835,,0.42835,0.45375,0.41705,,0.41705,0.44885,0.40515,,0.40515,0.46835,0.44325,,0.44335,0.46715,0.43735,,0.43745,0.46465,0.42835,,0.42835,0.46115,0.41705,,0.41705,0.45695,0.40515,,0.40515
8,F,9.0,-2.262842161269984e-18,-1.7308281990969984e-18,3.421287956056321e-19,-1.7308281990969984e-18,-7.806606704769085e-19,2.8482679886308017e-18,-7.564068087991298e-19,2.831456246168525e-18,0.40805,0.38735,,0.38735,0.40585,0.37975,,0.37965,0.40315,0.37125,,0.37135,0.40015,0.36315,,0.36315,0.39715,0.35575,,0.35585,0.40805,0.38735,,0.38735,0.40705,0.37975,,0.37965,0.40525,0.37125,,0.37135,0.40295,0.36315,,0.36315,0.40045,0.35575,,0.35585
9,Ne,10.0,-2.4934867010704896e-18,-2.4934867010704896e-18,5.301410177032703e-19,5.301410177032703e-19,2.871865210557275e-19,3.773102683666633e-18,2.7925618065219844e-19,3.755997071731028e-18,2.43595,,,2.43595,2.36755,,,2.36755,0.36025,0.32895,,0.32895,0.35785,0.32415,,0.32415,0.35525,0.32035,,0.32025,2.34615,,,2.43595,2.29525,,,2.36755,0.36025,0.32895,,0.32895,0.35855,0.32415,,0.32415,0.35655,0.32035,,0.32025
10,Na,11.0,-5.110895355053378e-19,-5.110895355053378e-19,-1.415010347958144e-19,-1.415010347958144e-19,-2.8029573052288884e-20,8.46602061525002e-19,-3.27180487733568e-20,8.501790020613121e-19,2.13235,,,2.13235,1.9260500000000005,,,1.9260500000000005,1.74615,,,1.74615,1.6719500000000005,,,1.6719500000000005,0.32095,0.28665,,0.28665,2.13235,,,2.13235,1.9643500000000005,,,1.9260500000000005,1.67325,,,1.74615,1.6295500000000005,,,1.6719500000000005,0.32095,0.28665,,0.28665
11,Mg,12.0,-8.078575066228802e-19,-8.078575066228802e-19,-1.2343489121967362e-19,-1.2343489121967362e-19,1.3184322099079157e-19,1.2114606811424491e-18,1.3646699585326082e-19,1.2129774782518849e-18,1.4591500000000002,2.30445,,2.30445,1.4044500000000002,2.09315,,2.09315,1.35285,,,1.35285,1.2992500000000002,,,1.2992500000000002,1.2607500000000005,,,1.2607500000000005,1.42335,2.30445,,2.30445,1.3904500000000002,2.09315,,2.09315,1.35285,,,1.35285,1.3161500000000002,,,1.2992500000000002,1.25605,,,1.2607500000000005
12,Al,13.0,-1.2460560167649214e-18,-4.491557960516928e-19,-2.862657033681984e-19,-4.491557960516928e-19,-1.7671296120135068e-20,9.083914463069937e-19,-1.52206778976e-20,9.018459937288705e-19,1.1669500000000002,1.6054500000000005,,1.6054500000000005,1.1378500000000005,1.5147500000000005,,1.5147500000000005,1.1098500000000002,1.42575,,1.42575,1.08285,1.3461500000000002,,1.3461500000000002,1.0573500000000002,1.27825,,1.0573500000000002,1.13945,1.6054500000000005,,1.6054500000000005,1.12145,1.5147500000000005,,1.5147500000000005,1.10135,1.42575,,1.42575,1.0795500000000002,1.3461500000000002,,1.3461500000000002,1.0573500000000002,1.27825,,1.0573500000000002
13,Si,14.0,-1.6682519868184133e-18,-7.776548751441791e-19,-4.02354614781504e-19,-7.776548751441791e-19,-2.6568279026047354e-19,1.3319979704145205e-18,-2.6399865269232e-19,1.3257979493587585e-18,0.97675,1.2472500000000002,,1.2471500000000002,0.96265,1.18735,,1.18745,0.94835,1.13905,,1.13905,0.93425,1.10105,,1.10105,0.92065,1.0713500000000002,,1.0713500000000002,0.96625,1.2472500000000002,,1.2471500000000002,0.95645,1.18735,,1.18745,0.94535,1.13905,,1.13905,0.93285,1.10105,,1.10105,0.92005,1.0713500000000002,,1.0713500000000002
14,P,15.0,-1.1436705219893185e-18,-1.1436705219893185e-18,-4.937395648786946e-19,-4.937395648786946e-19,5.53054306307887e-21,1.786923039613338e-18,9.6723402597696e-21,1.7834436793240698e-18,0.8492500000000001,1.0337500000000002,,1.0337500000000002,0.8419500000000001,0.99415,,0.99395,0.8340500000000001,0.96165,,0.96175,0.8248500000000001,0.93765,,0.93775,0.81605,0.91775,,0.91775,0.84935,1.0337500000000002,,1.0337500000000002,0.84255,0.99415,,0.99395,0.8349500000000001,0.96165,,0.96175,0.82625,0.93765,,0.93775,0.81735,0.91775,,0.91775
15,S,16.0,-1.4047051479331588e-18,-9.14160323236339e-19,7.578055089890882e-19,-9.14160323236339e-19,-3.15251683577912e-19,1.5499480037423217e-18,-3.11735505109056e-19,1.5420901909901374e-18,0.75725,0.89105,,0.89105,0.75195,0.86395,,0.86395,0.7463500000000001,0.84185,,0.84185,0.74045,0.82355,,0.82355,0.7342500000000001,0.80845,,0.80855,0.75865,0.89105,,0.89105,0.75405,0.86395,,0.86395,0.74885,0.84185,,0.84185,0.7432500000000001,0.82355,,0.82355,0.7371500000000001,0.80845,,0.80855
16,Cl,17.0,-1.6399927955807425e-18,-1.364221349078784e-18,8.46253669340352e-19,-1.364221349078784e-18,-6.736316081897941e-19,2.0973342625931997e-18,-6.718503354597889e-19,2.09093982509449e-18,0.6867500000000001,0.79015,,0.79025,0.68245,0.7696500000000001,,0.7696500000000001,0.67795,0.75285,,0.75285,0.67325,0.73895,,0.73895,0.66845,0.72745,,0.72745,0.6867500000000001,0.79015,,0.79025,0.68315,0.7696500000000001,,0.7696500000000001,0.67935,0.75285,,0.75285,0.67515,0.73895,,0.73895,0.6707500000000001,0.72745,,0.72745
17,Ar,18.0,-1.8474121830861318e-18,-1.8474121830861318e-18,7.750096815432384e-19,7.750096815432384e-19,3.173274395741039e-19,2.6859247406170068e-18,3.1306050517445763e-19,2.6775287295017857e-18,2.48365,,,2.48365,2.45485,,,2.45485,0.62225,0.6829500000000001,,0.6829500000000001,0.61975,0.67655,,0.67655,0.6173500000000001,0.6716500000000001,,0.6716500000000001,2.47325,,,2.48365,2.43955,,,2.45485,0.62225,0.6829500000000001,,0.6829500000000001,0.62005,0.67655,,0.67655,0.61785,0.6716500000000001,,0.6716500000000001
18,K,19.0,-4.2002822508554894e-19,-4.2002822508554894e-19,-1.844217442904256e-19,-1.844217442904256e-19,-1.9128779209455863e-20,7.035048625965542e-19,-2.1977056707513603e-20,7.050282089233152e-19,2.59365,,,2.59365,2.36065,,,2.36065,2.18365,,,2.18365,2.12555,,,2.12555,0.5699500000000001,0.6113500000000001,,0.6113500000000001,2.59365,,,2.59365,2.39765,,,2.36065,2.11495,,,2.18365,2.08375,,,2.12555,0.5699500000000001,0.6113500000000001,,0.6113500000000001
19,Ca,20.0,-6.315908413323265e-19,-6.315908413323265e-19,-1.498147292811456e-19,-1.498147292811456e-19,1.9529636109108272e-19,9.620160187065266e-19,1.9664154537726725e-19,9.622640740992386e-19,1.99115,,,2.02335,1.89265,,0.71355,2.02285,1.80815,,,1.80815,1.7271500000000002,,,1.7271500000000002,1.6587500000000002,,,1.6587500000000002,1.99535,,,2.02335,1.89425,,0.71355,2.02285,1.80815,,,1.80815,1.7493500000000002,,,1.7271500000000002,1.6422500000000002,,,1.6587500000000002
20,Sc,21.0,-6.713184128216833e-19,-4.312771071401856e-19,-2.623035498275136e-19,-4.312771071401856e-19,1.7759898089502477e-19,1.0346453285186498e-18,1.9310233722192e-19,1.181813540800704e-18,1.83855,,0.63805,0.63805,1.7451500000000002,,0.60905,0.60905,1.6397500000000005,,0.58745,0.58745,1.5375500000000002,,0.5720500000000001,0.5720500000000001,,,0.47285,0.93605,1.8894500000000003,,,0.63805,1.7896500000000002,,0.60905,0.60905,1.6687500000000002,,0.58745,0.58745,1.54875,,0.5720500000000001,0.5720500000000001,,,0.47285,0.93605
21,Ti,22.0,-6.977511227116417e-19,-3.9172897943235842e-19,-2.152972899498624e-19,-3.9172897943235842e-19,1.431192171780899e-20,1.0795279385341828e-18,-9.896644986681601e-21,1.086243705369984e-18,1.73585,,0.5508500000000001,0.5508500000000001,1.63325,,0.53425,0.53425,1.5999500000000002,,0.54315,0.54315,1.5054500000000002,,0.52775,0.52775,1.4911500000000002,,0.52635,0.52625,1.82385,,,0.5508500000000001,1.7103500000000005,,0.53425,0.53425,1.62885,,0.54315,0.54315,1.5293500000000002,,0.52775,0.52775,1.5093500000000002,,0.52625,0.52625
22,V,23.0,-6.937552942193665e-19,-4.887567955880064e-19,-1.869515811746688e-19,-4.887567955880064e-19,-1.1406432733512465e-19,1.1685152088866685e-18,1.180788147763392e-19,1.144641441021523e-18,1.6619500000000005,,0.48565,0.49215,1.6234500000000005,,0.49885,0.49885,1.52015,,0.48355,0.48235,1.4733500000000002,,0.48365,0.48355,1.4365500000000002,,0.48015,0.48015,1.7757500000000002,,0.48565,0.49215,1.6880500000000005,,0.49885,0.49885,1.5816500000000002,,0.48355,0.48235,1.52405,,0.48355,0.48355,1.4754500000000002,,0.48015,0.48015
23,Cr,24.0,-7.479328966517184e-19,-7.479328966517184e-19,-1.6621941570151682e-19,-1.6621941570151682e-19,5.432922121332209e-20,1.1686933693245361e-18,4.7063938235999996e-20,1.169539265708755e-18,1.5881500000000002,,0.44505,0.44505,1.52255,,0.44435,0.44425,1.4524500000000002,,0.44335,0.44335,1.4085500000000002,,0.44135,0.44135,1.3705500000000002,,0.43925,0.43915,1.7273500000000002,,,0.44505,1.6700500000000005,,,0.44425,1.5412500000000002,,0.44335,0.44335,1.48385,,0.44135,0.44135,1.42785,,0.43925,0.43915
24,Mn,25.0,-7.48057866428141e-19,-7.48057866428141e-19,-2.245738925842944e-19,-2.245738925842944e-19,5.051150220910384e-19,1.1491853260707029e-18,5.204318273812224e-19,1.1546630557846273e-18,1.45985,,0.40835,0.40825,1.3917500000000005,,0.40455,0.40455,1.31855,,0.40085,0.40095,1.27835,,0.40035,0.40045,1.2391500000000002,,0.39975,0.39975,1.52385,,0.40825,0.40825,1.4686500000000002,,0.40455,0.40455,1.40365,,0.40085,0.40095,1.36915,,0.40035,0.40045,1.29445,,0.39975,0.39975
25,Fe,26.0,-8.348734088028098e-19,-5.877777194599298e-19,-1.412911496584896e-19,-5.877777194599298e-19,1.802638908780215e-19,1.2420318842199357e-18,1.9768776671064962e-19,1.3494076240428672e-18,1.45785,,0.38005,0.38005,1.35265,,0.37825,0.37825,1.2586500000000005,,0.37515,0.37515,1.20375,,0.37365,0.37365,1.1810500000000002,,0.37635,0.37635,1.5335500000000002,,0.38005,0.38005,1.4348500000000002,,0.37825,0.37825,1.3311500000000005,,0.37515,0.37515,1.27035,,0.37365,0.37365,1.2449500000000002,,0.37635,0.37635
26,Co,27.0,-9.003046998196608e-19,-7.00599792743424e-19,-1.0297189141881601e-20,-7.00599792743424e-19,-6.178195725060166e-20,1.275095655471615e-18,-7.21876698267648e-20,1.302154628965613e-18,1.4225500000000002,,0.35655,0.35645,1.3120500000000002,,0.35455,0.35455,1.25195,,0.35505,0.35505,1.20585,,0.35635,0.35635,1.21615,,0.35985,0.35985,1.4689500000000002,,0.35645,0.35645,1.36475,,0.35455,0.35455,1.3158500000000002,,0.35505,0.35505,1.2749500000000002,,0.35635,0.35635,1.24815,,0.35985,0.35985
27,Ni,28.0,-6.227484285621311e-19,-5.02819099788768e-19,2.735203883497344e-19,-5.02819099788768e-19,-1.447054825659168e-19,1.2098106431795052e-18,7.452684769313281e-20,1.1887333416259392e-18,1.4185500000000002,,0.33845,0.33845,1.3817500000000005,,0.33925,0.33925,1.3540500000000002,,0.34045,0.34045,1.2794500000000002,,0.34105,0.34105,1.1806500000000002,,0.33915,0.33925,1.3978500000000005,,1.4185500000000002,0.33845,1.42345,,1.3817500000000005,0.33925,1.3540500000000002,,0.34045,0.34045,1.2891500000000002,,0.34105,0.34105,1.1947500000000002,,0.33915,0.33925
28,Cu,29.0,-8.559949031948159e-19,-8.559949031948159e-19,-5.347216406621377e-19,-5.347216406621377e-19,-1.421522426854503e-19,1.341991983200827e-18,-1.4165804810465278e-19,1.3418998243977985e-18,1.3743500000000002,,0.31915,1.3743500000000002,1.2729500000000002,,0.31925,1.2729500000000002,1.2049500000000002,,0.31945,1.2049500000000002,1.1704500000000002,,0.31865,1.1704500000000002,1.1467500000000002,,0.31765,0.31765,1.3743500000000002,,0.31915,1.3743500000000002,1.30025,,0.31925,1.2729500000000002,1.2431500000000002,,0.31945,1.2049500000000002,1.1845500000000002,,0.31865,1.1704500000000002,1.1466500000000002,,0.31765,0.31765
29,Zn,30.0,-1.0294737811651777e-18,-1.0294737811651777e-18,-6.700142410523521e-20,-6.700142410523521e-20,2.491042885059551e-19,1.5125132479350384e-18,2.5226110676833922e-19,1.5113428194603645e-18,1.17725,1.88515,0.29955,1.88515,1.1446500000000002,1.7736500000000002,0.29945,1.7736500000000002,1.11275,,0.29945,1.11275,1.0780500000000002,,0.29935,1.0780500000000002,1.0530500000000005,,0.29925,1.0530500000000005,1.1586500000000002,1.88515,0.29955,1.88515,1.13545,1.7736500000000002,0.29945,1.7736500000000002,1.11275,,0.29945,1.11275,1.08875,,0.29935,1.0780500000000002,1.06645,,0.29925,1.0530500000000005
30,Ga,31.0,-1.4552682399089856e-18,-4.30953467462784e-19,-2.7236842335937923e-19,-4.30953467462784e-19,1.9476635782411067e-21,9.008009499971135e-19,5.2967959083647985e-21,8.9337368375808e-19,1.04845,1.59275,0.28225,1.59275,1.0294500000000002,1.47345,0.28225,1.47345,1.0109500000000002,1.37095,0.28225,1.37095,0.99245,1.29235,0.28215,1.29235,0.97445,1.23355,0.28205,0.97445,1.02805,1.59275,0.28225,1.59275,1.01635,1.47345,0.28225,1.47345,1.0031500000000002,1.37095,0.28225,1.37095,0.98895,1.29235,0.28215,1.29235,0.97445,1.23355,0.28205,0.97445
31,Ge,32.0,-1.8428587971298174e-18,-7.42753059636672e-19,-3.9661882247904e-19,-7.42753059636672e-19,-2.440127730782513e-19,1.2818435203150189e-18,-2.426592622798848e-19,1.2756482189510976e-18,0.94505,1.2857500000000002,0.26665,1.2858500000000002,0.93545,1.2232500000000002,0.26655,1.2231500000000002,0.92595,1.1727500000000002,0.26655,1.1727500000000002,0.91665,1.13285,0.26655,1.13285,0.90785,1.1017500000000002,0.26645,1.1017500000000002,0.93505,1.2857500000000002,0.26665,1.2858500000000002,0.92865,1.2232500000000002,0.26655,1.2231500000000002,0.92155,1.1727500000000002,0.26655,1.1727500000000002,0.91385,1.13285,0.26655,1.13285,0.90625,1.1017500000000002,0.26645,1.1017500000000002
32,As,33.0,-1.0691308568832193e-18,-1.0691308568832193e-18,-4.904967593981954e-19,-4.904967593981954e-19,-2.2924003972993874e-20,1.6724838768129722e-18,-1.8019680454137602e-20,1.669331853860832e-18,0.87185,1.1139500000000002,0.25245,1.1138500000000002,0.86645,1.0740500000000002,0.25245,1.0741500000000002,0.8601500000000001,1.0419500000000002,0.25245,1.0419500000000002,0.85185,1.0190500000000002,0.25245,1.0190500000000002,0.84355,1.00055,0.25235,1.00055,0.86775,1.1139500000000002,0.25245,1.1138500000000002,0.8621500000000001,1.0740500000000002,0.25245,1.0741500000000002,0.85545,1.0419500000000002,0.25245,1.0419500000000002,0.84855,1.0190500000000002,0.25245,1.0190500000000002,0.84125,1.00055,0.25235,1.00055
33,Se,34.0,-1.2889847371426369e-18,-8.664667295883649e-19,8.808174255808705e-19,-8.664667295883649e-19,-3.1666439320087723e-19,1.4587861262930512e-18,-3.1255902389214724e-19,1.4507981671369536e-18,0.81025,1.00035,0.23965,1.00035,0.80625,0.97325,0.23965,0.97325,0.80155,0.95135,0.23965,0.95135,0.79635,0.93355,0.23965,0.93355,0.7906500000000001,0.91905,0.23965,0.91905,0.80965,1.00035,0.23965,1.00035,0.80545,0.97325,0.23965,0.97325,0.8006500000000001,0.95135,0.23965,0.95135,0.79525,0.93355,0.23965,0.93355,0.78925,0.91905,0.23965,0.91905
34,Br,35.0,-1.4815343234303809e-18,-1.2489030846200834e-18,9.87597690827328e-19,-1.2489030846200834e-18,-6.309771564151766e-19,1.907878125283549e-18,-6.293253635905152e-19,1.9016811095858692e-18,0.75975,0.91775,0.22815,0.91775,0.7563500000000001,0.89675,0.22815,0.89675,0.7524500000000001,0.87985,0.22815,0.87985,0.7483500000000001,0.86595,0.22815,0.86605,0.74395,0.85475,0.22815,0.85465,0.75975,0.91775,0.22815,0.91775,0.7563500000000001,0.89675,0.22815,0.89675,0.75255,0.87985,0.22815,0.87985,0.7484500000000001,0.86595,0.22815,0.86605,0.74395,0.85475,0.22815,0.85465
35,Kr,36.0,-1.6524993862827073e-18,-1.6524993862827073e-18,7.811283940580737e-19,7.811283940580737e-19,3.0691362319234755e-19,2.3775637030577432e-18,3.0349230639504003e-19,2.3727578861633472e-18,2.56085,,,2.56085,2.52865,,,2.52865,0.70985,0.82115,0.21765,0.82115,0.70735,0.81245,0.21765,0.81245,0.70485,0.80545,0.21765,0.80545,2.55515,,,2.56085,2.51675,,,2.52865,0.70985,0.82115,0.21765,0.82115,0.70755,0.81245,0.21765,0.81245,0.7050500000000001,0.80545,0.21765,0.80545
36,Rb,37.0,-4.003438831224e-19,-4.003438831224e-19,-1.983366482420736e-19,-1.983366482420736e-19,-2.0992109017428764e-20,6.738751887043654e-19,-2.31786891731136e-20,6.729830743306943e-19,2.75175,,,2.75175,2.48585,,,2.48585,2.29415,,,2.29415,2.23645,,,2.23645,0.66735,0.75565,0.20805,0.75565,2.75175,,,2.75175,2.53195,,,2.48585,2.23775,,,2.29415,2.19435,,,2.23645,0.66735,0.75565,0.20805,0.75565
37,Sr,38.0,-5.942729434806529e-19,-5.942729434806529e-19,-1.44300037352352e-19,-1.44300037352352e-19,1.5722340546371137e-19,9.00632956971305e-19,1.588622206588032e-19,8.986832970794112e-19,2.16815,,,2.26605,2.06155,,1.72555,2.26585,1.96785,,,1.96785,1.88095,,,1.88095,1.8108500000000003,,,1.8108500000000003,2.16035,,2.31175,2.26605,2.05585,,1.72555,2.26585,1.96785,,,1.96785,1.90405,,,1.88095,1.7967500000000003,,,1.8108500000000003
38,Y,39.0,-6.372577400400959e-19,-3.3730784615364483e-19,-2.199500108566656e-19,-3.3730784615364483e-19,1.6498638057390992e-19,9.108100533633845e-19,1.7244547404994561e-19,8.962624082053825e-19,1.96175,,1.07865,1.07865,1.87395,,1.0067500000000005,1.0067500000000005,1.78395,,0.95895,0.95895,1.7008500000000002,,0.92485,0.92485,1.6318500000000002,,0.9004500000000001,1.6318500000000002,2.00495,,1.07865,1.07865,1.90895,,1.0067500000000005,1.0067500000000005,1.80655,,0.95895,0.95895,1.7103500000000005,,0.92485,0.92485,1.6318500000000002,,0.9004500000000001,1.6318500000000002
39,Zr,40.0,-7.1292693966385935e-19,-4.508460923866368e-19,-2.5267607051312644e-19,-4.508460923866368e-19,8.417896047443034e-20,1.0433272929132697e-18,8.798192695461118e-20,1.0336826991480193e-18,1.8755500000000005,,0.93865,0.93865,1.7919500000000002,,0.90095,0.90095,1.7082500000000005,,0.8722500000000001,0.8722500000000001,1.6319500000000002,,0.84955,0.84955,1.5673500000000002,,0.83165,0.83165,1.88525,,0.93865,0.93865,1.80785,,0.90095,0.90095,1.7252500000000002,,0.8722500000000001,0.8722500000000001,1.64535,,0.84955,0.84955,1.5760500000000002,,0.83165,0.83165
40,Nb,41.0,-7.515954724068671e-19,-6.636712238106047e-19,-2.1521237458896e-19,-6.636712238106047e-19,-7.889688056156279e-20,1.1342352397838446e-18,-7.668658177797121e-20,1.0604342421855169e-18,1.7933500000000002,,0.8290500000000001,0.8289500000000001,1.69585,,0.8077500000000001,0.8078500000000001,1.61065,,0.7896500000000001,0.7896500000000001,1.6183500000000002,,0.7895500000000001,0.78945,1.5490500000000005,,0.7736500000000001,0.7736500000000001,1.8293500000000005,,0.8290500000000001,0.8289500000000001,1.73415,,0.8077500000000001,0.8078500000000001,1.64325,,0.7896500000000001,0.7896500000000001,1.6508500000000002,,0.7895500000000001,0.78945,1.5680500000000002,,0.7736500000000001,0.7736500000000001
41,Mo,42.0,-7.741124626355906e-19,-7.741124626355906e-19,-1.836911517513408e-19,-1.836911517513408e-19,1.7597731223401527e-20,1.1737429766152577e-18,1.2355986099609601e-20,1.173363661302605e-18,1.66105,,0.73345,0.7333500000000001,1.5982500000000002,,0.73085,0.73105,1.5408500000000005,,0.72805,0.72795,1.5087500000000005,,0.72295,0.72295,1.4811500000000002,,0.71785,0.71785,1.84155,,0.7333500000000001,0.7333500000000001,1.7695500000000002,,0.73095,0.73105,1.6022500000000002,,0.72805,0.72795,1.5578500000000002,,0.72295,0.72295,1.5156500000000002,,0.71785,0.71785
42,Tc,43.0,-7.052797506527807e-19,-7.052797506527807e-19,-4.985316751515072e-19,-4.985316751515072e-19,1.0665143422616532e-19,1.0716017657132249e-18,1.185226177003008e-19,1.0715645631702144e-18,1.5978500000000002,,0.6818500000000001,0.6818500000000001,1.50205,,0.67705,0.67705,1.42965,,0.6726500000000001,0.6726500000000001,1.3958500000000005,,0.6716500000000001,0.6716500000000001,1.3680500000000002,,0.67035,0.67035,1.73205,,0.6818500000000001,0.6818500000000001,1.6243500000000002,,0.67705,0.67705,1.5272500000000002,,0.6726500000000001,0.6726500000000001,1.48415,,0.6716500000000001,0.6716500000000001,1.40535,,0.67035,0.67035
43,Ru,44.0,-8.016522765705218e-19,-5.3746456703694735e-19,-4.338550093230528e-19,-5.3746456703694735e-19,-9.164434249554576e-20,1.2203188758333624e-18,-1.4967373773851522e-19,1.2274611549039169e-18,1.5456500000000002,,0.64075,0.64065,1.4529500000000002,,0.63695,0.63695,1.43745,,0.63995,0.63995,1.37915,,0.63575,0.63575,1.3844500000000002,,0.6364500000000001,0.6364500000000001,1.63905,,0.64075,0.64065,1.52605,,0.63685,0.63695,1.5270500000000002,,0.63995,0.63995,1.44345,,0.63575,0.63575,1.4187500000000002,,0.6364500000000001,0.6364500000000001
44,Rh,45.0,-7.830109515875137e-19,-5.833380880436927e-19,-4.416287702871745e-19,-5.833380880436927e-19,-6.317361587615856e-20,1.304311687414748e-18,8.123996773428478e-20,1.2954943807529469e-18,1.70975,,0.6153500000000001,0.6153500000000001,1.6387500000000002,,0.61585,0.61585,1.5013500000000002,,0.61075,0.61085,1.40555,,0.60655,0.60655,1.3412500000000005,,0.60265,0.60265,1.63275,,0.6153500000000001,0.6153500000000001,1.65535,,0.61585,0.61585,1.5249500000000002,,0.61075,0.61085,1.42985,,0.60655,0.60655,1.3624500000000002,,0.60265,0.60265
45,Pd,46.0,-8.121497377900034e-19,-8.121497377900034e-19,-4.300017745500289e-19,-4.300017745500289e-19,-5.67931557631402e-20,1.5631724640995224e-18,-5.775846717984e-20,1.5499072107230208e-18,1.6073500000000005,,0.58295,1.6073500000000005,1.53865,,0.58155,1.53865,1.4804500000000005,,0.5800500000000001,0.5800500000000001,1.3755500000000005,,0.57635,0.57625,1.3020500000000002,,0.57325,0.57325,1.6502500000000002,,0.58295,1.6073500000000005,1.5597500000000002,,0.58155,1.53865,1.4805500000000005,,0.5800500000000001,0.5800500000000001,1.3841500000000002,,0.57635,0.57625,1.3130500000000005,,0.57325,0.57325
46,Ag,47.0,-8.031134616486913e-19,-8.031134616486913e-19,-5.221141128330624e-19,-5.221141128330624e-19,-1.3504459947021589e-19,1.2549041172714265e-18,-1.3374009124465922e-19,1.2537368514850371e-18,1.48015,,0.54895,1.48015,1.3962500000000002,,0.54895,1.3962500000000002,1.33265,,0.5488500000000001,1.33265,1.2971500000000002,,0.5477500000000001,1.2971500000000002,1.2689500000000002,,0.54635,0.54625,1.48015,,0.54895,1.48015,1.41715,,0.54895,1.3962500000000002,1.3620500000000002,,0.5488500000000001,1.33265,1.3079500000000002,,0.5477500000000001,1.2971500000000002,1.2689500000000002,,0.54635,0.54625
47,Cd,48.0,-9.649413112325953e-19,-9.649413112325953e-19,-9.015447845241601e-20,-9.015447845241601e-20,2.2940669813877944e-19,1.4195970591833477e-18,2.31738826432512e-19,1.4178670288730305e-18,1.3113500000000002,1.97265,0.51895,1.97265,1.2772500000000002,1.88255,0.51885,1.88255,1.2434500000000002,,0.51865,1.2434500000000002,1.2090500000000002,,0.51835,1.2090500000000002,1.1828500000000002,,0.51785,1.1828500000000002,1.2912500000000002,1.97265,0.51895,1.97265,1.2670500000000002,1.88255,0.51885,1.88255,1.2434500000000002,,0.51865,1.2434500000000002,1.2191500000000002,,0.51835,1.2090500000000002,1.1945500000000002,,0.51785,1.1828500000000002
48,In,49.0,-1.3250737655261569e-18,-4.1621664690466564e-19,-2.733777946304832e-19,-4.1621664690466564e-19,-7.762481641414735e-21,8.501204745487262e-19,-5.2423219032576005e-21,8.442894008032513e-19,1.18325,1.7107500000000002,0.49295,1.7107500000000002,1.16575,1.6213500000000003,0.49285,1.6213500000000003,1.14925,1.5392500000000002,0.49275,1.5392500000000002,1.13325,1.4691500000000002,0.49255,1.4691500000000002,1.1182500000000002,1.4104500000000002,0.49225,1.1182500000000002,1.1660500000000005,1.7107500000000002,0.49295,1.7107500000000002,1.1544500000000002,1.6213500000000003,0.49285,1.6213500000000003,1.1422500000000002,1.5392500000000002,0.49275,1.5392500000000002,1.1300500000000002,1.4691500000000002,0.49255,1.4691500000000002,1.1182500000000002,1.4104500000000002,0.49225,1.1182500000000002
49,Sn,50.0,-1.6528278324899712e-18,-6.91316781402509e-19,-3.935442455437249e-19,-6.91316781402509e-19,-2.3410713186943616e-19,1.1792427362609714e-18,-2.335781251931904e-19,1.1746806504849025e-18,1.0997500000000002,1.4688500000000002,0.46955,1.4689500000000002,1.08685,1.4068500000000002,0.46945,1.4068500000000002,1.0741500000000002,1.3574500000000005,0.46945,1.3574500000000005,1.0616500000000002,1.31895,0.46925,1.31895,1.0497500000000002,1.2888500000000005,0.46905,1.2888500000000005,1.0818500000000002,1.4688500000000002,0.46955,1.4689500000000002,1.0740500000000002,1.4068500000000002,0.46945,1.4068500000000002,1.0652500000000005,1.3574500000000005,0.46945,1.3574500000000005,1.0558500000000002,1.31895,0.46925,1.31895,1.04625,1.2888500000000005,0.46905,1.2888500000000005
50,Sb,51.0,-9.76430519780352e-19,-9.76430519780352e-19,-4.919627510062274e-19,-4.919627510062274e-19,-5.541014090424741e-20,1.5097899738488049e-18,-5.2141235947315206e-20,1.508572656083002e-18,1.02425,1.3153500000000002,0.44835,1.3153500000000002,1.0176500000000002,1.27035,0.44835,1.27035,1.01025,1.2327500000000002,0.44835,1.2328500000000002,1.0010500000000002,1.20595,0.44835,1.20595,0.99215,1.18345,0.44815,1.18345,1.01805,1.3153500000000002,0.44835,1.3153500000000002,1.01065,1.27035,0.44835,1.27035,1.0026500000000005,1.2327500000000002,0.44835,1.2328500000000002,0.99565,1.20595,0.44835,1.20595,0.98835,1.18345,0.44815,1.18345
51,Te,52.0,-1.156483128425856e-18,-8.133225310764289e-19,8.168521261720513e-19,-8.133225310764289e-19,-3.1633182939826146e-19,1.340426783208303e-18,-3.1304768776149123e-19,1.3347236753132353e-18,0.96325,1.19525,0.42915,1.19525,0.95865,1.16775,0.42925,1.16775,0.95335,1.1444500000000002,0.42925,1.1443500000000002,0.94765,1.12465,0.42925,1.12465,0.94155,1.1079500000000002,0.42925,1.1078500000000002,0.96165,1.19525,0.42915,1.19525,0.95655,1.16775,0.42925,1.16775,0.95095,1.1444500000000002,0.42925,1.1443500000000002,0.94475,1.12465,0.42925,1.12465,0.93805,1.1079500000000002,0.42925,1.1078500000000002
52,I,53.0,-1.3149319875164928e-18,-1.1267755695229822e-18,8.281170299928962e-19,-1.1267755695229822e-18,-5.828499528899972e-19,1.7020668696843896e-18,-5.822133600558911e-19,1.6972609967146173e-18,0.91285,1.11265,0.41185,1.11255,0.90905,1.0903500000000002,0.41185,1.0902500000000002,0.90485,1.0718500000000002,0.41185,1.0718500000000002,0.90025,1.05685,0.41185,1.05685,0.8955500000000001,1.04455,0.41185,1.04445,0.91285,1.11265,0.41185,1.11255,0.90875,1.0903500000000002,0.41185,1.0902500000000002,0.90435,1.0718500000000002,0.41185,1.0718500000000002,0.8995500000000001,1.05685,0.41185,1.05685,0.8944500000000001,1.04455,0.41185,1.04445
53,Xe,54.0,-1.4545023994842434e-18,-1.4545023994842434e-18,2.933921849775168e-19,2.933921849775168e-19,3.1018623237129094e-19,2.0791727029872992e-18,3.0748332835745284e-19,2.0760219585782212e-18,2.76565,,,2.76565,2.71935,,,2.71935,0.8612500000000001,1.01175,0.39605,1.01175,0.85905,1.0028500000000002,0.39605,1.0028500000000002,0.85695,0.99565,0.39595,0.99565,2.76075,,,2.76565,2.70825,,,2.71935,0.8612500000000001,1.01175,0.39605,1.01175,0.8591500000000001,1.0028500000000002,0.39605,1.0028500000000002,0.85695,0.99565,0.39595,0.99565
54,Cs,55.0,-3.669080592229248e-19,-3.669080592229248e-19,-1.9641884282697602e-19,-1.9641884282697602e-19,-1.868810852748764e-20,6.225068203319792e-19,-2.0682497997907204e-20,6.197635735175807e-19,3.01125,,,3.01125,2.74535,,,2.74535,2.51755,,,2.51755,2.44285,,,2.44285,0.81755,0.94155,0.38145,0.94155,3.01125,,,3.01125,2.79045,,,2.74535,2.45045,,,2.51755,2.39025,,,2.44285,0.81755,0.94155,0.38145,0.94155
55,Ba,56.0,-5.380557702100224e-19,-5.380557702100224e-19,-2.1388096581707522e-19,-2.1388096581707522e-19,2.2432919213291224e-19,8.2077378991078085e-19,2.362681797395136e-19,8.178759170327426e-19,2.45125,,,2.37195,2.37505,,,1.26635,2.20615,,,2.20615,2.12895,,,2.12895,2.07185,,,2.07185,2.49765,,,2.37195,2.41595,,,1.26635,2.20615,,,2.20615,2.14775,,,2.12895,2.05785,,,2.07185
56,La,57.0,-5.753736680616959e-19,-3.761157682626624e-19,-2.387499513251328e-19,-3.761157682626624e-19,1.2136990986341177e-19,9.168653100710437e-19,1.2794982493708802e-19,9.086568465438912e-19,2.21125,,1.3138500000000002,1.3138500000000002,2.12365,,1.2475500000000002,1.2475500000000002,2.03235,,1.19775,1.19775,1.94515,,1.15925,1.15925,1.88385,,1.13685,1.88385,2.21135,,1.3138500000000002,1.3138500000000002,2.12375,,1.2475500000000002,1.2475500000000002,2.03235,,1.19775,1.19775,1.94515,,1.15925,1.15925,1.88395,,1.13685,1.88385
57,Ce,58.0,-5.3529361771576335e-19,-3.1403142420666235e-19,-2.234828103055296e-19,-3.1403142420666235e-19,-5.708516848015651e-20,1.307523971420504e-18,4.7776906832256e-21,8.870867426980608e-19,2.15355,,1.36695,1.3220500000000002,2.15305,,1.21145,1.21145,2.07805,,0.93425,1.3524500000000002,1.95445,,1.15375,0.38155,1.91635,,1.12675,0.38175,2.11985,,1.3220500000000002,1.3220500000000002,1.92955,,2.15305,1.21145,2.10605,,1.3524500000000002,1.3524500000000002,1.97115,,0.38155,0.38155,1.9236500000000003,,0.38175,0.38175
58,Pr,59.0,-5.226348202348226e-19,-2.5770209857257603e-19,-1.6929559481345282e-19,-2.5770209857257603e-19,1.4939319661577416e-19,8.2648051871972675e-19,1.70079059181024e-19,9.18415704341184e-19,2.16605,,,0.36325,2.09355,,,0.36425,2.02475,,,0.36565,1.9319500000000005,,,0.36425,1.8937500000000005,,,0.36655,2.22255,,,0.36325,2.14405,,,0.36425,2.06415,,,0.36565,1.97295,,,0.36425,1.90495,,,0.36655
59,Nd,60.0,-5.210630849698175e-19,-3.794210586313728e-19,-2.076773379413376e-19,-3.794210586313728e-19,-6.059987614865589e-19,3.211822587759567e-20,2.733441489214464e-19,8.428522483743938e-19,2.12165,,,0.32335,2.07035,,,0.35085,2.00295,,,0.35015,1.96065,,,0.34875,1.89905,,,0.34865,2.16145,,,0.32335,2.10995,,,0.35085,2.04205,,,0.35015,2.00835,,,0.34875,1.92425,,,0.34865
60,Pm,61.0,-5.296908060728256e-19,-5.296908060728256e-19,-2.016291211978176e-19,-2.016291211978176e-19,2.608965823961711e-19,8.329949047741438e-19,3.34999109643072e-19,7.52143416811181e-19,2.21225,,,0.36965,2.11965,,,0.33825,1.98305,,,0.33615,1.95095,,,0.33775,1.83585,,,0.33605,2.20685,,,0.36965,2.18395,,,0.33825,2.03765,,,0.33615,2.03155,,,0.33775,1.86995,,,0.33605
61,Sm,62.0,-5.317656247967618e-19,-4.41511811393856e-19,-9.22164797633856e-20,-4.41511811393856e-19,2.2636834642316746e-19,5.237220572928149e-19,2.8183087848182395e-19,6.956042060397697e-19,2.18705,,,0.32585,2.11035,,,0.32585,1.99935,,,0.32485,1.95305,,,0.32585,1.80355,,,0.32345,2.25425,,,0.32585,2.18085,,,0.32585,2.08265,,,0.32485,2.02065,,,0.32585,1.8392500000000005,,,0.32345
62,Eu,63.0,-5.435063750739839e-19,-5.435063750739839e-19,-1.6384178559624963e-19,-1.6384178559624963e-19,2.673236818749495e-19,8.652454544450385e-19,2.264884936461504e-19,8.642124670828993e-19,2.14715,,,0.31245,2.03475,,,0.31235,1.91635,,,0.31225,1.84605,,,0.31225,1.78435,,,0.31225,2.24815,,,0.31245,2.10655,,,0.31235,1.98335,,,0.31225,1.91915,,,0.31225,1.81635,,,0.31225
63,Gd,64.0,-6.085803807043967e-19,-3.8362196573111043e-19,-1.6239982663752961e-19,-3.8362196573111043e-19,1.5911425907713486e-19,9.707918354114586e-19,1.6477425238955522e-19,9.612450897684097e-19,1.88455,,1.1487500000000002,0.29895,1.84075,,1.08465,0.29895,1.7894500000000002,,1.03685,0.29885,1.7306500000000002,,1.00025,0.29875,1.6668500000000002,,0.97185,0.29855,1.93655,,0.29895,0.29895,1.89625,,0.29895,0.29895,1.8474500000000005,,0.29885,0.29885,1.78845,,1.00025,0.29875,1.71985,,0.97185,0.29855
64,Tb,65.0,-4.189419493366465e-19,-4.189419493366465e-19,-1.235454414065088e-19,-1.235454414065088e-19,1.3697118480497637e-19,9.1928182499988e-19,6.24736729748544e-20,9.355557898305022e-19,1.96065,,,0.29035,1.87175,,,0.28895,1.8735500000000005,,,0.29305,1.81655,,,0.29325,1.7510500000000002,,,0.29285,2.08325,,,0.29035,1.92705,,,0.28895,1.90945,,,0.29305,1.82785,,,0.29325,1.7632500000000002,,,0.29285
65,Dy,66.0,-5.695930148138495e-19,-5.695930148138495e-19,-7.685641249977599e-20,-7.685641249977599e-20,3.299680667691015e-19,9.18434177441628e-19,2.966958731696064e-19,9.428072412162434e-19,2.07025,,,0.28365,1.9582500000000005,,,0.28525,1.84755,,,0.28475,1.79615,,,0.28465,1.72375,,,0.28475,2.12325,,,0.28365,1.99765,,,0.28525,1.87515,,,0.28475,1.79855,,,0.28465,1.7413500000000002,,,0.28475
66,Ho,67.0,-6.008082219168962e-19,-1.863203235860736e-19,-5.0907559949299214e-20,-1.863203235860736e-19,-7.440108003310966e-19,-1.0696009355226792e-19,3.173335102221312e-19,9.319605054934272e-19,2.05605,,,0.28075,1.93845,,,0.27555,1.82395,,,0.27635,1.7527500000000005,,,0.27675,1.7000500000000005,,,0.27665,2.08495,,,0.28075,1.97085,,,0.27555,1.84175,,,0.27635,1.7895500000000002,,,0.27675,1.70335,,,0.27665
67,Er,68.0,-6.115716444554303e-19,-3.918972079775424e-19,-2.3358132954643203e-20,-3.918972079775424e-19,-4.156699842315634e-19,1.2438023950417629e-19,3.3242120746020483e-19,9.530836020620542e-19,2.05425,,,2.02345,1.92425,,,1.60495,1.8010500000000005,,,0.26915,1.7528500000000002,,,1.7528500000000002,1.69165,,,1.05415,2.04475,,,2.02345,1.90255,,,1.60495,1.80865,,,0.26915,1.7450500000000002,,,1.7528500000000002,1.6931500000000002,,,1.05415
68,Tm,69.0,-6.051997880345089e-19,-6.051997880345089e-19,-2.0241899427187198e-20,-2.0241899427187198e-20,8.0107006160307285e-19,9.459690406363568e-19,4.536226644704833e-19,8.992056066577921e-19,2.11485,,,0.26295,1.98075,,,0.26285,1.78625,,,1.2251500000000002,1.74615,,,0.26275,1.6724500000000002,,,0.26245,2.11495,,,0.26295,1.98285,,,0.26285,1.78405,,,1.2251500000000002,1.77385,,,0.26275,1.6785500000000002,,,0.26245
69,Yb,70.0,-6.291731568115392e-19,-6.291731568115392e-19,-3.1083828620140804e-20,-3.1083828620140804e-20,2.983094893150502e-19,9.76121956596889e-19,2.642678183646144e-19,9.729265595106625e-19,1.92285,,,2.15395,1.8329500000000003,,,2.17795,1.7632500000000002,,,1.7632500000000002,1.6928500000000002,,,1.6928500000000002,1.6385500000000002,,,1.6385500000000002,1.9259500000000005,,,2.15395,1.85875,,,2.17795,1.7632500000000002,,,1.7632500000000002,1.71155,,,1.6928500000000002,1.6444500000000002,,,1.6385500000000002
70,Lu,71.0,-7.30119896981664e-19,-2.208888863564544e-19,-1.1249843360609282e-19,-2.208888863564544e-19,2.414829762529884e-19,7.651643863264587e-19,2.493259191990336e-19,7.487996742035713e-19,1.7751500000000002,,1.14725,1.14725,1.6961500000000005,,1.0491500000000002,1.0491500000000002,1.62895,,0.99445,0.99445,1.57465,,0.95885,0.95885,1.5336500000000002,,0.93485,1.5336500000000002,1.8111500000000005,,1.14725,1.14725,1.7221500000000003,,1.0491500000000002,1.0491500000000002,1.64315,,0.99445,0.99445,1.58035,,0.95885,0.95885,1.5336500000000002,,0.93485,1.5336500000000002
71,Hf,72.0,-7.757034240200448e-19,-4.5351692081351045e-19,-2.034379786027008e-19,-4.5351692081351045e-19,8.81974197084518e-20,1.0516592810668653e-18,9.310088125806721e-20,1.0409213331207937e-18,1.6718500000000005,,0.95995,0.96005,1.59485,,0.92435,0.92445,1.53425,,0.89925,0.89925,1.48775,,0.8802500000000001,0.8802500000000001,1.4521500000000005,,0.86545,0.86545,1.7629500000000002,,0.95995,0.96005,1.6515500000000003,,0.92435,0.92445,1.5653500000000002,,0.89925,0.89925,1.5032500000000002,,0.8802500000000001,0.8802500000000001,1.4590500000000002,,0.86545,0.86545
72,Ta,73.0,-7.995918774361729e-19,-6.928436557221313e-19,-2.70871990395552e-19,-6.928436557221313e-19,-9.913612037368516e-20,1.1742413176406842e-18,-9.585021633936e-20,1.3272383061408577e-18,1.58685,,0.86695,0.86695,1.51825,,0.84975,0.84975,1.4603500000000005,,0.83555,0.83555,1.4137500000000005,,0.82355,0.82355,1.39535,,0.8228500000000001,0.8228500000000001,1.6942500000000005,,0.86695,0.86695,1.59675,,0.84975,0.84975,1.5109500000000002,,0.83555,0.83555,1.44325,,0.82355,0.82355,1.41145,,0.8228500000000001,0.8228500000000001
73,W,74.0,-7.7188864148592e-19,-7.7188864148592e-19,-3.088628024279616e-19,-3.088628024279616e-19,-5.251598507350078e-20,1.3891935307875413e-18,-5.48056556677056e-20,1.4343390067114753e-18,1.5173500000000002,,0.80595,0.80595,1.4706500000000002,,0.80205,0.80215,1.42785,,0.7978500000000001,0.7978500000000001,1.3797500000000005,,0.78825,0.78825,1.3837500000000005,,0.78625,0.78625,1.6560500000000002,,0.80595,0.80595,1.6036500000000002,,0.80205,0.80215,1.4825500000000005,,0.7978500000000001,0.7978500000000001,1.4179500000000005,,0.78825,0.78825,1.41145,,0.78625,0.78625
74,Re,75.0,-8.1385285153791365e-19,-8.1385285153791365e-19,-3.571315774828032e-19,-3.571315774828032e-19,2.388424289354568e-19,1.2066268667001874e-18,2.4618725519888645e-19,1.2038450715133251e-18,1.4649500000000002,,0.76005,0.76005,1.39725,,0.75365,0.75365,1.3452500000000005,,0.74805,0.74795,1.3176500000000002,,0.74605,0.74605,1.29435,,0.74385,0.74395,1.5696500000000002,,0.76005,0.76005,1.4925500000000005,,0.75365,0.75365,1.4262500000000002,,0.74795,0.74795,1.3921500000000002,,0.74605,0.74605,1.3277500000000002,,0.74385,0.74395
75,Os,76.0,-9.14049773049504e-19,-6.371664159727103e-19,-1.6359825474988803e-20,-6.371664159727103e-19,-1.0816406512592175e-20,1.327342255376254e-18,-3.7410824095680004e-21,1.3141549318554048e-18,1.4143500000000002,,0.72495,0.72495,1.3504500000000002,,0.7191500000000001,0.7191500000000001,1.30085,,0.71395,0.7140500000000001,1.2629500000000002,,0.70925,0.70925,1.23405,,0.7050500000000001,0.7050500000000001,1.48995,,0.72495,0.72495,1.4182500000000002,,0.7192500000000001,0.7191500000000001,1.35695,,0.71395,0.7140500000000001,1.3076500000000002,,0.70925,0.70925,1.2691500000000002,,0.7050500000000001,0.7050500000000001
76,Ir,77.0,-1.0288745671089986e-18,-7.3461079804976635e-19,-6.541687142726399e-19,-7.3461079804976635e-19,-2.5150193141753723e-19,1.4320458914287305e-18,-2.49891487546176e-19,1.422454060538381e-18,1.3782500000000002,,0.69535,0.69535,1.31295,,0.68975,0.68965,1.2994500000000002,,0.6928500000000001,0.6928500000000001,1.2525500000000005,,0.6869500000000001,0.6869500000000001,1.21755,,0.6818500000000001,0.6818500000000001,1.42755,,0.69535,0.69535,1.35895,,0.68975,0.68965,1.35655,,0.6928500000000001,0.6928500000000001,1.3009500000000005,,0.6869500000000001,0.6869500000000001,1.25585,,0.6818500000000001,0.6818500000000001
77,Pt,78.0,-8.551185125832385e-19,-8.551185125832385e-19,-6.563364592405824e-19,-6.563364592405824e-19,-2.432686021025659e-19,1.5651155999190904e-18,-3.200363821814208e-19,1.5570721445712386e-18,1.4101500000000002,,0.67805,0.67805,1.3276500000000002,,0.67235,1.3276500000000002,1.33665,,0.6727500000000001,0.6727500000000001,1.2717500000000002,,0.6677500000000001,0.6677500000000001,1.22385,,0.66355,0.66345,1.4445500000000002,,1.4101500000000002,0.67805,1.36875,,0.67235,1.3276500000000002,1.33665,,0.6727500000000001,0.6727500000000001,1.27845,,0.6677500000000001,0.6677500000000001,1.2326500000000002,,0.66355,0.66345
78,Au,79.0,-1.0173469063223422e-18,-1.0173469063223422e-18,-7.243953199155456e-19,-7.243953199155456e-19,-3.0023913486214314e-19,1.4881663572946336e-18,-2.9989862423458564e-19,1.486855151988058e-18,1.32245,,0.64505,1.32245,1.27595,,0.64435,1.27595,1.23775,,0.6434500000000001,1.23775,1.2151500000000002,,0.64195,1.2151500000000002,1.1942500000000005,,0.6404500000000001,0.64035,1.32245,,0.64505,1.32245,1.29025,,0.64435,1.27595,1.25985,,0.6434500000000001,1.23775,1.2232500000000002,,0.64195,1.2151500000000002,1.1942500000000005,,0.6404500000000001,0.64035
79,Hg,80.0,-1.154895371394643e-18,-1.154895371394643e-18,-7.860278501644799e-20,-7.860278501644799e-20,2.5984079609688723e-19,1.6493708640468954e-18,2.6408356805322235e-19,1.6486477536863045e-18,1.22405,1.97715,0.61565,1.97715,1.19965,1.87065,0.6153500000000001,1.87065,1.17565,,0.61495,1.17565,1.1485500000000002,,0.6142500000000001,1.1485500000000002,1.12735,,0.61345,1.12735,1.20555,1.97715,0.61565,1.97715,1.1905500000000002,1.87065,0.6153500000000001,1.87065,1.17565,,0.61495,1.17565,1.1566500000000002,,0.6142500000000001,1.1485500000000002,1.1399500000000002,,0.61345,1.12735
80,Tl,81.0,-1.540669060327488e-18,-3.864017421681984e-19,-2.4232120301289603e-19,-3.864017421681984e-19,1.7152181912023212e-20,8.133993554551692e-19,1.92886043378112e-20,8.067984678765312e-19,1.12705,1.74765,0.59065,1.74765,1.1161500000000002,1.6547500000000002,0.59045,1.6547500000000002,1.1055500000000005,1.5698500000000002,0.5901500000000001,1.5698500000000002,1.09465,1.49995,0.58975,1.49995,1.08445,1.4407500000000002,0.5891500000000001,1.08445,1.11325,1.74765,0.59065,1.74765,1.1064500000000002,1.6547500000000002,0.59045,1.6547500000000002,1.09925,1.5698500000000002,0.5901500000000001,1.5698500000000002,1.0918500000000002,1.49995,0.58975,1.49995,1.08445,1.4407500000000002,0.5891500000000001,1.08445
81,Pb,82.0,-1.905077724021965e-18,-6.536736416968129e-19,-3.647082707225665e-19,-6.536736416968129e-19,-2.0480378609157585e-19,1.1283350961964446e-18,-2.047565699616192e-19,1.1243418632359874e-18,1.0616500000000002,1.5146500000000005,0.5679500000000001,1.5146500000000005,1.0540500000000002,1.4584500000000002,0.5678500000000001,1.4585500000000002,1.04665,1.4100500000000002,0.56755,1.4100500000000002,1.0394500000000002,1.36895,0.56735,1.36895,1.03225,1.33455,0.5669500000000001,1.33455,1.04895,1.5146500000000005,0.5679500000000001,1.5146500000000005,1.04455,1.4584500000000002,0.5678500000000001,1.4585500000000002,1.0396500000000002,1.4100500000000002,0.56755,1.4100500000000002,1.03455,1.36895,0.56735,1.36895,1.0292500000000002,1.33455,0.5669500000000001,1.33455
82,Bi,83.0,-9.176114116775422e-19,-9.176114116775422e-19,-4.557215158437314e-19,-4.557215158437314e-19,-4.459078636796533e-20,1.4314992287569538e-18,-3.9501664585824e-20,1.4300916364897345e-18,1.0029500000000002,1.3755500000000005,0.54695,1.37535,0.99965,1.33045,0.54705,1.33045,0.99595,1.29425,0.54705,1.29415,0.99075,1.2693500000000002,0.54695,1.2692500000000002,0.98565,1.2492500000000002,0.5467500000000001,1.2492500000000002,0.99855,1.3755500000000005,0.54695,1.37535,0.99425,1.33045,0.54705,1.33045,0.98985,1.29425,0.54705,1.29415,0.98615,1.2693500000000002,0.54695,1.2692500000000002,0.98235,1.2492500000000002,0.5467500000000001,1.2492500000000002
83,Po,84.0,-1.0867483910055358e-18,-7.679008238767487e-19,7.969691143079232e-19,-7.679008238767487e-19,-2.912689965496201e-19,1.2704901715457217e-18,-2.884334483361408e-19,1.264171827816307e-18,0.95745,1.26855,0.52805,1.26865,0.95475,1.2393500000000002,0.52815,1.2394500000000002,0.95155,1.2146500000000002,0.52815,1.2147500000000002,0.94775,1.19375,0.52815,1.19385,0.94345,1.1762500000000002,0.52805,1.1761500000000005,0.95515,1.26855,0.52805,1.26865,0.95175,1.2393500000000002,0.52815,1.2394500000000002,0.94765,1.2146500000000002,0.52815,1.2147500000000002,0.94295,1.19375,0.52815,1.19385,0.93805,1.1762500000000002,0.52805,1.1761500000000005
84,At,85.0,-1.2314473703364676e-18,-1.0585036193574528e-18,8.244160019988482e-19,-1.0585036193574528e-18,-5.387487917230834e-19,1.6056123924254462e-18,-5.384627230717056e-19,1.6014652543803648e-18,0.91595,1.1921500000000005,0.51085,1.19205,0.91365,1.1680500000000005,0.51085,1.1679500000000005,0.91095,1.1481500000000002,0.51085,1.1482500000000002,0.90795,1.1319500000000002,0.51085,1.1318500000000002,0.90455,1.1184500000000002,0.51075,1.1184500000000002,0.91595,1.1921500000000005,0.51085,1.19205,0.91295,1.1680500000000005,0.51085,1.1679500000000005,0.90955,1.1481500000000002,0.51085,1.1482500000000002,0.90595,1.1319500000000002,0.51085,1.1318500000000002,0.90205,1.1184500000000002,0.51075,1.1184500000000002
85,Rn,86.0,-1.358879692225037e-18,-1.358879692225037e-18,3.4748166769572484e-19,3.4748166769572484e-19,2.7414635874067487e-19,1.942640402398447e-18,2.72265884055648e-19,1.940945652031815e-18,2.68625,,,2.68625,2.64105,,,2.64105,0.87375,1.09265,0.49495,1.09265,0.87205,1.0800500000000002,0.49495,1.0800500000000002,0.8702500000000001,1.0696500000000002,0.49485,1.0695500000000002,2.68705,,,2.68625,2.63865,,,2.64105,0.87375,1.09265,0.49495,1.09265,0.87185,1.0800500000000002,0.49495,1.0800500000000002,0.86985,1.0696500000000002,0.49485,1.0695500000000002
86,Fr,87.0,-3.880359623214145e-19,-3.880359623214145e-19,-2.210314800757056e-19,-2.210314800757056e-19,-2.9477390209315085e-20,6.519426661283539e-19,-2.96546870743872e-20,6.478272992075138e-19,2.89695,,,2.89695,2.61935,,,2.61935,2.42025,,,2.42025,2.35615,,,2.35615,0.83675,1.0249500000000002,0.48025,1.0249500000000002,2.89695,,,2.89695,2.67165,,,2.61935,2.38175,,,2.42025,2.31885,,,2.35615,0.83675,1.0249500000000002,0.48025,1.0249500000000002
87,Ra,88.0,-5.507850634622784e-19,-5.507850634622784e-19,-1.143649693693248e-19,-1.143649693693248e-19,1.7518896119168541e-19,8.358775089107585e-19,1.7715587331509762e-19,8.321737411967615e-19,2.37695,,,2.65275,2.25945,,,2.65205,2.17065,,,2.17065,2.10145,,,2.10145,2.05225,,,2.05225,2.34975,,,2.65275,2.24835,,,2.65205,2.17065,,,2.17065,2.11825,,,2.10145,2.04465,,,2.05225
88,Ac,89.0,-6.608658125475841e-19,-2.9966470644794883e-19,-3.7340328324364796e-20,-2.9966470644794883e-19,1.1306691792059642e-19,7.588411720033977e-19,1.192884581250432e-19,7.470212581544834e-19,2.18205,,1.6116500000000002,1.6116500000000002,2.08325,,1.51245,1.51245,1.99965,,1.43725,1.43725,1.93265,,1.3797500000000005,1.3797500000000005,1.88055,,1.3360500000000002,1.88055,2.18205,,1.6116500000000002,1.6116500000000002,2.08325,,1.51245,1.51245,1.99975,,1.43725,1.43725,1.93265,,1.3797500000000005,1.3797500000000005,1.88055,,1.3360500000000002,1.88055
89,Th,90.0,-7.147373992453632e-19,-4.1148221499020163e-19,-3.1801924181583355e-19,-4.1148221499020163e-19,7.31340274735867e-20,9.187261901334009e-19,7.777125535025281e-20,9.201684855643393e-19,2.01535,,1.39485,1.39485,1.94645,,1.3456500000000002,1.3457500000000002,1.8797500000000005,,1.30425,1.30425,1.81865,,1.2694500000000002,1.2694500000000002,1.77845,,1.2515500000000002,1.2515500000000002,2.01535,,1.39485,1.39485,1.94635,,1.3456500000000002,1.3457500000000002,1.8795500000000005,,1.30425,1.30425,1.81865,,1.2694500000000002,1.2694500000000002,1.7786500000000005,,1.2515500000000002,1.2515500000000002
90,Pa,91.0,-6.277488217956479e-19,-3.9282967477084793e-19,-2.196776408311296e-19,-3.9282967477084793e-19,2.1858735972681423e-20,8.636513847923784e-19,2.5009977050688e-20,8.193098651083585e-19,1.93325,,1.3196500000000002,1.3197500000000002,1.89795,,1.30465,1.30475,1.86465,,1.29245,0.5890500000000001,1.83235,,1.28055,0.59295,1.7636500000000002,,1.23175,0.58845,1.9906500000000005,,0.58165,1.3197500000000002,1.94345,,1.30465,1.30475,1.89995,,0.58875,0.5890500000000001,1.86005,,0.59295,0.59295,1.78215,,0.58845,0.58845
91,U,92.0,-5.065569778450943e-19,-5.065569778450943e-19,-2.8722060063419524e-19,-2.8722060063419524e-19,9.704628922342733e-20,1.4274959181040925e-18,1.9610641838592e-19,9.23382451865664e-19,1.95245,,1.3643500000000002,0.5589500000000001,1.9219500000000005,,1.3701500000000002,0.56835,1.8309500000000003,,1.2615500000000002,0.5648500000000001,1.8250500000000005,,1.2754500000000002,0.5678500000000001,1.7973500000000002,,1.2609500000000002,0.57055,1.99085,,0.61375,0.5589500000000001,1.96305,,0.56835,0.56835,1.94735,,0.59345,0.5648500000000001,1.86175,,0.5679500000000001,0.5678500000000001,1.84665,,0.57055,0.57055
92,Np,93.0,-5.457205831639295e-19,-2.7382960843754884e-19,-1.1958806515313278e-19,-2.7382960843754884e-19,3.1186677140911134e-19,8.815239373679232e-19,3.1581144243237124e-19,9.743845402355905e-19,1.9542500000000005,,1.4752500000000002,0.54765,1.93035,,1.4426500000000002,0.55005,1.88315,,1.36535,0.54945,1.8189500000000005,,1.28195,0.54645,1.79445,,1.26985,0.54935,1.99785,,0.54765,0.54765,1.97485,,0.55005,0.55005,1.92905,,0.54945,0.54945,1.86975,,0.54645,0.54645,1.84215,,0.54935,0.54935
93,Pu,94.0,-5.729351552448386e-19,-4.3359385453386244e-19,-1.608200804894208e-19,-4.3359385453386244e-19,7.564808292658474e-20,7.570281008498904e-19,2.617892511322368e-19,7.538994023875777e-19,2.02125,,,0.52495,1.99945,,,0.52385,1.84235,,,0.5265500000000001,1.83045,,,0.52525,1.74165,,,0.52645,2.18155,,,0.52495,2.11125,,,0.52385,1.91295,,,0.5265500000000001,1.92355,,,0.52525,1.7774500000000002,,,0.52645
94,Am,95.0,-5.840013891647039e-19,-5.840013891647039e-19,-1.45573767765888e-19,-1.45573767765888e-19,3.2176711753740604e-19,9.21708657989543e-19,3.2883713835947524e-19,9.193818168435265e-19,1.9216500000000003,,,0.50375,1.86915,,,0.50355,1.81005,,,0.50315,1.7605500000000005,,,0.50315,1.70775,,,0.50305,1.98535,,,0.50375,1.93685,,,0.50355,1.87915,,,0.50315,1.83825,,,0.50315,1.76995,,,0.50305
95,Cm,96.0,-6.58933587542899e-19,-3.2269759754856964e-19,-2.3568178309630075e-19,-3.2269759754856964e-19,1.8818176442392832e-19,8.657532963439686e-19,1.926729538875456e-19,7.967191747550784e-19,1.7977500000000002,,1.2936500000000002,0.48345,1.75775,,1.2308500000000002,0.48325,1.7128500000000002,,1.1783500000000002,0.48295,1.67955,,1.15355,0.48385,1.6114500000000005,,1.0996500000000002,0.4819500000000001,1.85475,,0.48345,0.48345,1.81735,,1.2308500000000002,0.48325,1.77395,,1.1783500000000002,0.48295,1.7363500000000005,,1.15355,0.48385,1.6681500000000002,,1.0996500000000002,0.4819500000000001
96,Bk,97.0,-6.201288697871232e-19,-9.106611694965118e-20,4.8882408700608e-21,-9.106611694965118e-20,-2.3323988967525263e-19,9.342764037809556e-19,2.8415723893522564e-19,9.954371410329025e-19,1.94355,,,1.94355,1.8470500000000003,,,0.47815,1.7625500000000005,,,0.47185,1.6505500000000002,,,0.46865,1.6194500000000005,,,0.46955,1.9944500000000005,,,1.94355,1.92275,,,0.47815,1.81565,,,0.47185,1.68935,,,0.46865,1.6679500000000005,,,0.46955
97,Cf,98.0,-6.314947107350784e-19,-3.0056192535559687e-19,-3.86669305663872e-20,-3.0056192535559687e-19,-3.792777118943009e-19,2.6826842137318695e-19,3.247003183245696e-19,1.1136072798766272e-18,1.9419500000000005,,,0.46255,1.83465,,,0.46025,1.74375,,,0.45865,1.6540500000000002,,,0.45675,1.63675,,,0.45955,1.99075,,,0.46255,1.88055,,,0.46025,1.7785500000000003,,,0.45865,1.68115,,,0.45675,1.6658500000000005,,,0.45955
98,Es,99.0,-6.422661441567167e-19,-6.422661441567167e-19,-9.3054418136064e-21,-9.3054418136064e-21,3.665192910762236e-19,9.739479631388306e-19,3.7928487361860483e-19,9.876137125935362e-19,1.9140500000000005,,,0.44955,1.9055500000000003,,,0.44895,1.7250500000000002,,,0.44675,1.6621500000000002,,,0.44725,1.61285,,,0.44725,1.94505,,,0.44955,1.9357500000000003,,,0.44895,1.7528500000000002,,,0.44675,1.69955,,,0.44725,1.6374500000000003,,,0.44725
99,Fm,100.0,-6.336288099939839e-19,-5.754730030121857e-19,7.079057181342719e-20,-5.754730030121857e-19,1.8594765730364603e-19,9.34903864174109e-19,1.7797138121508484e-19,8.800932417482689e-19,2.07215,,,0.43955,1.88475,,,0.43735,1.7645500000000005,,,0.43805,1.6991500000000002,,,0.43745,1.6684500000000002,,,0.43785,2.08135,,,0.43955,1.90075,,,0.43735,1.73975,,,0.43805,1.72565,,,0.43745,1.6722500000000002,,,0.43785
100,Md,101.0,-6.667009398005378e-19,-6.667009398005378e-19,-2.904073299329664e-19,-2.904073299329664e-19,2.935232429732683e-19,1.09544901113129e-18,-3.39196812389568e-20,9.84962110286112e-19,2.14455,,,0.42845,1.8636500000000005,,,0.42665,1.68775,,,0.42815,1.69565,,,1.69565,1.6798500000000005,,,0.42825,2.14455,,,0.42845,1.86875,,,0.42665,1.68145,,,0.42815,1.7041500000000005,,,1.69565,1.6798500000000005,,,0.42825
101,No,102.0,-6.7746756669231375e-19,-6.7746756669231375e-19,4.6961398932268805e-20,4.6961398932268805e-20,3.405642700995631e-19,1.037549231981747e-18,3.356511955277376e-19,1.0336891078545025e-18,1.85765,,,2.18305,1.7201500000000003,,,2.20915,1.6648500000000002,,,1.6648500000000002,1.6038500000000002,,,1.6038500000000002,1.5591500000000005,,,1.5591500000000005,1.77245,,,2.18305,1.7614500000000002,,,2.20915,1.6648500000000002,,,1.6648500000000002,1.6197500000000002,,,1.6038500000000002,1.56625,,,1.5591500000000005
