,chemical_symbol,atomic_number,atomic_energy_hfomo,atomic_energy_hpomo,atomic_energy_lfumo,atomic_energy_lpumo,electron_affinity_energy_difference,ionization_energy_energy_difference,electron_affinity_half_charged_homo,ionization_energy_half_charged_homo,atomic_radius_neg_charged_s,atomic_radius_neg_charged_p,atomic_radius_neg_charged_d,atomic_radius_neg_charged,atomic_radius_neg_half_charged_s,atomic_radius_neg_half_charged_p,atomic_radius_neg_half_charged_d,atomic_radius_neg_half_charged,atomic_radius_s,atomic_radius_p,atomic_radius_d,atomic_radius,atomic_radius_half_charged_s,atomic_radius_half_charged_p,atomic_radius_half_charged_d,atomic_radius_half_charged,atomic_radius_charged_s,atomic_radius_charged_p,atomic_radius_charged_d,atomic_radius_charged
0,H,1.0,-1.0171995060732291e-18,-1.0171995060732291e-18,-1.0171995060732291e-18,-1.0171995060732291e-18,-2.662162619741204e-19,1.945184277585527e-18,-2.341196608910208e-19,1.975416482028326e-18,0.6446500000000001,,,0.6446500000000001,0.60995,,,0.60995,0.55905,,,0.55905,0.5144500000000001,,,0.5144500000000001,0.52885,,,0.52885
1,He,2.0,-2.4862785084535106e-18,-2.4862785084535106e-18,3.1147755467310724e-19,3.1147755467310724e-19,3.431914470135243e-19,4.246201310214298e-18,3.3008363177045763e-19,4.212635032601856e-18,2.84535,,,2.84535,2.75635,,,2.75635,0.30135,,,0.30135,0.28335,,,0.28335,0.26835,,,0.26835
2,Li,3.0,-4.495130814381312e-19,-4.495130814381312e-19,-4.495130814381312e-19,-4.495130814381312e-19,-6.757220329150998e-20,8.382654787610545e-19,-6.591194400309119e-20,8.515040021267137e-19,2.07895,,,2.07895,1.83465,,,1.83465,1.6516500000000005,,,1.6516500000000005,1.55075,,,1.55075,0.19335,,,0.19335
3,Be,4.0,-8.917602919009345e-19,-8.917602919009345e-19,-3.239825431984512e-19,-3.239825431984512e-19,1.4200216090759526e-19,1.5207023038289122e-18,1.558773656142528e-19,1.5143853528632642e-18,1.17185,,1.78025,1.78025,1.12675,1.3820500000000002,,1.3820500000000002,1.08075,,,1.08075,1.03845,,,1.03845,1.00795,,,1.00795
4,B,5.0,-1.4983651888318851e-18,-5.893798960807296e-19,-5.893798960807296e-19,-5.893798960807296e-19,-5.193916670841887e-21,1.3428110178904604e-18,1.24841602292736e-20,1.3175130940526018e-18,0.8177500000000001,,0.90385,0.90385,0.8129500000000001,0.8661500000000001,,0.8661500000000001,0.80355,0.82555,,0.82555,0.78925,0.77835,,0.77835,0.77185,0.72695,,0.77185
5,C,6.0,-2.1833838139380293e-18,-8.657473522856257e-19,-8.657473522856257e-19,-8.657473522856257e-19,-1.4823913341140591e-19,1.7653948890831176e-18,-1.2939659042567042e-19,1.7403515369310342e-18,0.65105,,0.6546500000000001,0.6545500000000001,0.64825,0.64615,,0.64615,0.64335,0.63005,,0.63005,0.63585,0.60655,,0.60655,0.62665,0.57845,,0.57845
6,N,7.0,-1.15929494839536e-18,-1.15929494839536e-18,-1.15929494839536e-18,-1.15929494839536e-18,-3.1420296429072384e-19,2.2050434791365178e-18,-2.921200567406016e-19,2.1808219335213696e-18,0.54595,,0.52415,0.52415,0.54285,0.5205500000000001,,0.5205500000000001,0.5376500000000001,0.51085,,0.51085,0.5306500000000001,0.49565,,0.49565,0.5226500000000001,0.47745,,0.47745
7,O,8.0,-1.4734529445550657e-18,-1.4734529445550657e-18,5.072395050855552e-19,-1.4734529445550657e-18,-5.049288735204404e-19,2.6623039378554974e-18,-4.791181010372735e-19,2.6384003720686084e-18,0.46755,,0.44135,0.44145,0.46565,0.43795,,0.43795,0.46235,0.43025,,0.43015,0.45785,0.41915,,0.41915,0.45275,0.40675,,0.40665
8,F,9.0,-1.809616836601459e-18,-1.809616836601459e-18,3.119181532438272e-19,-1.809616836601459e-18,-7.181050822168938e-19,3.131088678050329e-18,-6.834452876645184e-19,3.111845165691629e-18,0.40935,,0.38405,0.38405,0.40795,0.37905,,0.37905,0.40575,0.37185,,0.37185,0.40305,0.36415,,0.36415,0.39995,0.35685,,0.35675
9,Ne,10.0,-2.168334568938854e-18,-2.168334568938854e-18,4.388730264993984e-19,4.388730264993984e-19,2.9955327618559336e-19,3.6319049293695104e-18,2.8927298888544e-19,3.609727959311712e-18,2.43895,,,2.43895,2.35885,,,2.35885,0.36165,0.32765,,0.32765,0.35955,0.32345,,0.32345,0.35725,0.31975,,0.31975
10,Na,11.0,-4.410183409946496e-19,-4.410183409946496e-19,-4.410183409946496e-19,-4.410183409946496e-19,-7.371596928250643e-20,8.279546522763539e-19,-7.168779072107519e-20,8.342918186894592e-19,2.07295,,,2.07295,1.86685,,,1.86685,1.7171500000000002,,,1.7171500000000002,1.6202500000000002,,,1.6202500000000002,0.32225,0.28545,,0.28545
11,Mg,12.0,-7.641116761685568e-19,-7.641116761685568e-19,-1.7979305603293442e-19,-1.7979305603293442e-19,1.2923161317756292e-19,1.2916734211871569e-18,1.3657434168685438e-19,1.2872976451609342e-18,1.4146500000000002,,2.32065,2.32065,1.3736500000000005,2.09205,,2.09205,1.33075,,,1.33075,1.28275,,,1.28275,1.2490500000000002,,,1.2490500000000002
12,Al,13.0,-1.233922733215603e-18,-4.218915564955392e-19,-4.218915564955392e-19,-4.218915564955392e-19,4.3217942417166367e-20,9.340468499554002e-19,4.869815838921599e-20,9.230347795389505e-19,1.1345500000000002,,1.6184500000000002,1.6184500000000002,1.1141500000000002,1.50385,,1.50385,1.09265,1.39745,,1.39745,1.07025,1.3094500000000002,,1.3094500000000002,1.0478500000000002,1.2409500000000002,,1.0478500000000002
13,Si,14.0,-1.7324848497229057e-18,-6.562627591160257e-19,-6.562627591160257e-19,-6.562627591160257e-19,-1.1907464461092328e-19,1.2536001247766077e-18,-1.1294544088329602e-19,1.2429974615958146e-18,0.95935,,1.2677500000000002,1.26785,0.94965,1.1961500000000005,,1.1961500000000005,0.93855,1.13705,,1.13705,0.92635,1.09045,,1.09045,0.91355,1.05465,,1.05465
14,P,15.0,-8.922313318274498e-19,-8.922313318274498e-19,-8.922313318274498e-19,-8.922313318274498e-19,-2.650966361866568e-19,1.575243626774194e-18,-2.601982897477824e-19,1.5661805186604861e-18,0.8421500000000001,,1.0439500000000002,1.04405,0.83555,1.00195,,1.00195,0.82825,0.96685,,0.96685,0.82035,0.93785,,0.93775,0.8119500000000001,0.91405,,0.91405
15,S,16.0,-1.136968617184512e-18,-1.136968617184512e-18,7.262009729671871e-19,-1.136968617184512e-18,-4.3115179449790703e-19,1.9022901642107387e-18,-4.2670609724104324e-19,1.8938544767932612e-18,0.7533500000000001,,0.8974500000000001,0.8974500000000001,0.74885,0.86975,,0.86975,0.74375,0.84575,,0.84565,0.7381500000000001,0.82525,,0.82525,0.7321500000000001,0.80825,,0.80815
16,Cl,17.0,-1.3934770941745923e-18,-1.3934770941745923e-18,7.711804794195265e-19,-1.3934770941745923e-18,-6.082678377020256e-19,2.2391244454074853e-18,-6.0547215806004495e-19,2.231558060572244e-18,0.68335,,0.78925,0.78935,0.68005,0.7704500000000001,,0.77035,0.67625,0.75385,,0.75385,0.67195,0.73945,,0.73945,0.66745,0.72705,,0.72705
17,Ar,18.0,-1.6635528027896062e-18,-1.6635528027896062e-18,6.958541455926143e-19,6.958541455926143e-19,3.15134026135496e-19,2.599230635220209e-18,3.084382256234496e-19,2.5890885800336256e-18,2.44545,,,2.44545,2.40405,,,2.40405,0.62075,0.68125,,0.68125,0.61855,0.67495,,0.67495,0.6162500000000001,0.6698500000000001,,0.6698500000000001
18,K,19.0,-3.812074855635648e-19,-3.812074855635648e-19,-3.812074855635648e-19,-3.812074855635648e-19,-6.081320756730651e-20,7.064458035820505e-19,-6.009123633972481e-20,7.120825925846976e-19,2.47265,,,2.47265,2.25255,,,2.25255,2.12985,,,2.12985,2.06215,,,2.06215,0.56925,0.60985,,0.60985
19,Ca,20.0,-6.116036879878464e-19,-6.116036879878464e-19,-3.312724468230912e-19,-3.312724468230912e-19,1.8655921452876816e-19,1.0301911509400777e-18,2.3094895335845763e-19,1.0282144703412286e-18,1.98565,0.68135,,2.00675,1.90255,,0.69915,0.69915,1.76205,,,1.76205,1.69545,,,1.69545,1.6439500000000002,,,1.6439500000000002
20,Sc,21.0,-6.618094945772353e-19,-5.192109687961728e-19,-5.192109687961728e-19,-5.192109687961728e-19,1.5108834914330273e-19,1.1172521708055912e-18,1.7173250545368962e-19,1.1434958847376513e-18,1.84465,0.63405,,0.63405,1.7405500000000005,,0.6031500000000001,0.6031500000000001,1.62685,,0.58055,0.58055,1.55675,,0.57245,0.57245,1.5253500000000002,,0.57275,1.5253500000000002
21,Ti,22.0,-7.168122179692992e-19,-7.168122179692992e-19,-6.933291152382335e-19,-7.168122179692992e-19,4.155860782420258e-20,1.166224306203802e-18,5.940550474602241e-20,1.1680684675708609e-18,1.74565,0.5507500000000001,,0.5507500000000001,1.63525,,0.53215,0.53225,1.5271500000000002,,0.51705,0.51705,1.4873500000000002,,0.51735,0.51735,1.45405,,0.51805,0.51805
22,V,23.0,-7.251803864597376e-19,-7.251803864597376e-19,-7.15846105466957e-19,-7.251803864597376e-19,-4.1307485866036286e-20,1.186645079037688e-18,-3.5464179501407996e-20,1.1875957962251713e-18,1.6661500000000002,0.49185,,0.49195,1.5515500000000002,,0.47995,0.48005,1.46605,,0.47345,0.47345,1.4265500000000002,,0.47445,0.47445,1.39095,,0.47545,0.47535
23,Cr,24.0,-7.291970432480832e-19,-7.291970432480832e-19,-7.2413736947959685e-19,-7.291970432480832e-19,-1.0409301611204453e-19,1.2058583570423805e-18,-1.2900565933019518e-19,1.2070125746926464e-18,1.59295,0.44655,,0.44655,1.4791500000000002,,0.43895,0.43885,1.41345,,0.43705,0.43705,1.3723500000000002,,0.43795,0.43785,1.3342500000000002,,0.43865,0.43865
24,Mn,25.0,-7.235477684831423e-19,-7.253502171815426e-19,2.67931996296384e-19,-7.253502171815426e-19,-1.1483509926062533e-19,1.2247441885961933e-18,-1.830775181055744e-19,1.2273506047170814e-18,1.4628500000000002,0.41135,,0.41145,1.3926500000000002,,0.40585,0.40585,1.35885,,0.40605,0.40605,1.32845,,0.40675,0.40675,1.2908500000000005,,0.40645,0.40645
25,Fe,26.0,-7.327586818761215e-19,-7.340163905234496e-19,-9.218764058421118e-20,-7.340163905234496e-19,-1.822437774339448e-19,1.2418455222405721e-18,-2.3833658975696643e-19,1.2335798674187522e-18,1.4631500000000002,0.37835,,0.37835,1.3697500000000002,,0.37795,0.37795,1.3235500000000002,,0.38005,0.38015,1.2813500000000002,,0.38285,0.38275,1.2288500000000002,,0.38405,0.38405
26,Co,27.0,-7.351763663969089e-19,-7.393003690188479e-19,2.52198621880128e-20,-7.393003690188479e-19,-1.9477117079859976e-19,1.2741978950265874e-18,-2.304747090787008e-19,1.24933727448432e-18,1.4129500000000002,0.35525,,0.35525,1.3296500000000002,,0.35525,0.35525,1.2831500000000002,,0.35705,0.35705,1.23985,,0.35925,0.35915,1.18115,,0.35925,0.35935
27,Ni,28.0,-7.432449278592574e-19,-7.432449278592574e-19,-7.356826542090816e-19,-7.432449278592574e-19,-1.9515606649613044e-19,1.311503382419159e-18,-2.212093216806144e-19,1.2655625171231614e-18,1.37075,0.33405,,0.33405,1.2928500000000005,,0.33445,1.2928500000000005,1.24565,,0.33585,0.33585,1.2008500000000002,,0.33765,0.33765,1.1383500000000002,,0.33765,0.33765
28,Cu,29.0,-7.721738289244224e-19,-7.721738289244224e-19,-7.721738289244224e-19,-7.721738289244224e-19,-2.2719928007776473e-19,1.3849583066626654e-18,-2.487651573817536e-19,1.3752987982349953e-18,1.3413500000000005,0.31785,,0.31785,1.2473500000000002,,0.31715,1.2473500000000002,1.1950500000000002,,0.31735,1.1950500000000002,1.15295,,0.31685,1.15295,1.1245500000000002,,0.31625,0.31625
29,Zn,30.0,-9.926910103048514e-19,-9.926910103048514e-19,-1.4260333231092482e-19,-1.4260333231092482e-19,2.392764698217238e-19,1.6371102907838826e-18,2.4542461912738563e-19,1.6318777709963905e-18,1.1500500000000002,0.29825,1.81675,1.81675,1.12495,1.7027500000000002,0.29825,1.7027500000000002,1.0998500000000002,,0.29825,1.0998500000000002,1.0694500000000002,,0.29805,1.0694500000000002,1.04655,,0.29765,1.04655
30,Ga,31.0,-1.4489588683762753e-18,-4.1506948844417287e-19,-4.1506948844417287e-19,-4.1506948844417287e-19,5.394726070234783e-20,9.416485791266837e-19,6.053343708706561e-20,9.295908862712641e-19,1.0216500000000002,0.28105,1.57485,1.57485,1.01015,1.44555,0.28105,1.44555,0.99695,1.33675,0.28105,1.33675,0.98255,1.2550500000000002,0.28105,1.2550500000000002,0.96755,1.19725,0.28095,0.96755
31,Ge,32.0,-1.901354265555225e-18,-6.361586468782271e-19,-6.361586468782271e-19,-6.361586468782271e-19,-1.0849305133546949e-19,1.222022037647518e-18,-1.025697450869952e-19,1.2116845217188993e-18,0.92895,0.26545,1.2976500000000002,1.2976500000000002,0.92285,1.22415,0.26545,1.22405,0.91605,1.1645500000000002,0.26545,1.1645500000000002,0.90865,1.1182500000000002,0.26545,1.1182500000000002,0.90095,1.0832500000000005,0.26535,1.0832500000000005
32,As,33.0,-8.500412148719232e-19,-8.500412148719232e-19,-8.500412148719232e-19,-8.500412148719232e-19,-2.6542873471398303e-19,1.4932984013995541e-18,-2.6003807208570242e-19,1.484320508573952e-18,0.86005,0.25145,1.12295,1.12295,0.85545,1.0795500000000002,0.25145,1.0794500000000002,0.8500500000000001,1.0437500000000002,0.25145,1.0437500000000002,0.84385,1.0150500000000002,0.25145,1.0150500000000002,0.8370500000000001,0.99245,0.25145,0.99245
33,Se,34.0,-1.06360494971808e-18,-1.06360494971808e-18,8.255743756956865e-19,-1.06360494971808e-18,-4.2236571906612415e-19,1.762828807597039e-18,-4.178925236500225e-19,1.7549874203620413e-18,0.80205,0.23885,1.00375,1.00375,0.7987500000000001,0.97575,0.23885,0.97575,0.7946500000000001,0.95205,0.23885,0.95205,0.78995,0.93245,0.23875,0.93245,0.78485,0.91635,0.23875,0.91625
34,Br,35.0,-1.280810432023315e-18,-1.280810432023315e-18,9.033440288693185e-19,-1.280810432023315e-18,-5.821603071817533e-19,2.034525143500632e-18,-5.797620298260672e-19,2.0280399731385024e-18,0.75295,0.22735,0.91525,0.91525,0.7502500000000001,0.8956500000000001,0.22735,0.8956500000000001,0.74705,0.87875,0.22735,0.87875,0.7433500000000001,0.8643500000000001,0.22735,0.8643500000000001,0.7393500000000001,0.8522500000000001,0.22735,0.8521500000000001
35,Kr,36.0,-1.5037805458101888e-18,-1.5037805458101888e-18,6.319224918928322e-19,6.319224918928322e-19,3.0020285033706045e-19,2.313458344573813e-18,2.953900992236544e-19,2.307501232398164e-18,2.50825,,,2.50825,2.46155,,,2.46155,0.70555,0.81805,0.21695,0.81805,0.70345,0.8098500000000001,0.21695,0.8098500000000001,0.70125,0.8028500000000001,0.21695,0.8028500000000001
36,Rb,37.0,-3.6932734592033283e-19,-3.6932734592033283e-19,-3.6932734592033283e-19,-3.6932734592033283e-19,-6.293916296464929e-20,6.849709122858219e-19,-6.201705263792639e-20,6.887757292819202e-19,2.59365,,,2.59365,2.36215,,,2.36215,2.24005,,,2.24005,2.17375,,,2.17375,0.66455,0.75305,0.20745,0.75305
37,Sr,38.0,-5.805855486091586e-19,-5.805855486091586e-19,-1.9677292386017281e-19,-1.9677292386017281e-19,1.609925772363905e-19,9.679558385939186e-19,1.7994686498853121e-19,9.6603239351136e-19,2.10075,1.46965,,2.24425,2.01765,,1.2572500000000002,1.2572500000000002,1.91425,,,1.91425,1.8453500000000005,,,1.8453500000000005,1.7931500000000002,,,1.7931500000000002
38,Y,39.0,-6.429791127529728e-19,-3.853859621906112e-19,-3.853859621906112e-19,-3.853859621906112e-19,1.514414800872075e-19,1.0150747154589209e-18,1.6202331513164158e-19,9.980631085143937e-19,1.94865,1.0817500000000002,,1.0817500000000002,1.85415,,1.0070500000000002,1.0070500000000002,1.76185,,0.95715,0.95715,1.6799500000000005,,0.92235,0.92235,1.6216500000000005,,0.90205,1.6216500000000005
39,Zr,40.0,-7.112782999210559e-19,-5.727493027568256e-19,-5.727493027568256e-19,-5.727493027568256e-19,1.7391891576456998e-20,1.1664904998378674e-18,2.6987063000755203e-20,1.2204724604839873e-18,1.83265,0.90785,,0.90785,1.7382500000000003,,0.87675,0.87675,1.6526500000000002,,0.85245,0.85245,1.5854500000000002,,0.8351500000000001,0.8351500000000001,1.5634500000000002,,0.83445,0.83445
40,Nb,41.0,-7.573152429431232e-19,-7.573152429431232e-19,-7.4258643326810885e-19,-7.573152429431232e-19,-1.2014703253134493e-19,1.1891613470909085e-18,-1.106495217856896e-19,1.1906126948021377e-18,1.7448500000000002,0.8119500000000001,,0.8118500000000001,1.6463500000000002,,0.79245,0.79245,1.5672500000000005,,0.77675,0.77675,1.5387500000000005,,0.7764500000000001,0.7764500000000001,1.51445,,0.7764500000000001,0.7764500000000001
41,Mo,42.0,-7.184880947146559e-19,-7.184880947146559e-19,-7.153942916598912e-19,-7.184880947146559e-19,-2.0214819438878808e-19,1.1677981002568645e-18,-2.3292924366176643e-19,1.1566321308515905e-18,1.6760500000000005,0.74385,,0.74385,1.5753500000000005,,0.73075,0.73065,1.53055,,0.7292500000000001,0.7292500000000001,1.4986500000000005,,0.72995,0.72995,1.4567500000000002,,0.72455,0.72455
42,Tc,43.0,-6.740260913108353e-19,-6.740260913108353e-19,-6.709130621366206e-19,-6.740260913108353e-19,-2.1749363376182803e-19,1.1942432750976009e-18,-2.3136872363310725e-19,1.1314939796712385e-18,1.6143500000000002,0.6889500000000001,,0.6889500000000001,1.54225,,0.68635,0.68635,1.5009500000000002,,0.6867500000000001,0.6867500000000001,1.46145,,0.6867500000000001,0.6867500000000001,1.4005500000000002,,0.68025,0.68025
43,Ru,44.0,-6.300912040152578e-19,-6.300912040152578e-19,-6.205518444150143e-19,-6.300912040152578e-19,-1.832382484622968e-19,1.2711319714516684e-18,-1.8619054727978881e-19,1.2524150557728768e-18,1.5634500000000002,0.6466500000000001,,0.6466500000000001,1.5131500000000002,,0.64735,0.64735,1.4691500000000002,,0.64795,0.64795,1.4141500000000002,,0.64485,0.64485,1.36505,,0.63975,0.63985
44,Rh,45.0,-6.015836754013633e-19,-6.015836754013633e-19,-5.726964309283392e-19,-6.015836754013633e-19,-1.2772122638118915e-19,1.3830420217150918e-18,-1.35528120353472e-19,1.3743599227352065e-18,1.55225,0.61215,,0.6122500000000001,1.4953500000000002,,0.61295,0.61305,1.4399500000000005,,0.6133500000000001,0.6133500000000001,1.3681500000000002,,0.60895,0.60895,1.31875,,0.60485,0.60485
45,Pd,46.0,-6.978216184829569e-19,-6.978216184829569e-19,-5.906888743799233e-19,-5.906888743799233e-19,-1.118487670076225e-19,1.495907369780435e-18,-1.056971938507968e-19,1.4824651880470661e-18,1.54225,0.58225,,1.54225,1.4712500000000002,,0.58195,1.4712500000000002,1.4021500000000002,,0.5809500000000001,0.5809500000000001,1.32845,,0.57745,0.57745,1.2757500000000002,,0.57425,0.57425
46,Ag,47.0,-7.475563851458302e-19,-7.475563851458302e-19,-7.475563851458302e-19,-7.475563851458302e-19,-2.2562839715967867e-19,1.3172532370318478e-18,-2.2244940638511363e-19,1.3093964672916291e-18,1.44525,0.54965,,1.44525,1.37285,,0.54925,1.37285,1.3160500000000002,,0.54865,1.3160500000000002,1.27255,,0.5478500000000001,1.27255,1.24035,,0.5468500000000001,0.5468500000000001
47,Cd,48.0,-9.487016490041664e-19,-9.487016490041664e-19,-1.6285484479783681e-19,-1.6285484479783681e-19,2.1703960896043845e-19,1.5422862653699727e-18,2.223789106137984e-19,1.5389467204601282e-18,1.2810500000000002,0.51935,1.90915,1.90915,1.2551500000000002,1.8152500000000005,0.51925,1.8152500000000005,1.2292500000000002,,0.51915,1.2292500000000002,1.1986500000000002,,0.5185500000000001,1.1986500000000002,1.1742500000000002,,0.51775,1.1742500000000002
48,In,49.0,-1.3356529377532992e-18,-4.0466495346869774e-19,-4.0466495346869774e-19,-4.0466495346869774e-19,3.878233534946359e-20,8.912821543291055e-19,4.4223279087321605e-20,8.814631027590528e-19,1.1605500000000002,0.49295,1.6889500000000002,1.6889500000000002,1.1486500000000002,1.5891500000000005,0.49295,1.5891500000000005,1.1361500000000002,1.5016500000000002,0.49285,1.5016500000000002,1.12325,1.42915,0.49275,1.42915,1.1103500000000002,1.3705500000000002,0.49255,1.1103500000000002
49,Sn,50.0,-1.7150099093198398e-18,-6.026042619088129e-19,-6.026042619088129e-19,-6.026042619088129e-19,-1.1897021778465417e-19,1.1328553170924617e-18,-1.1390194032591358e-19,1.1246446746173185e-18,1.07685,0.46945,1.4763500000000005,1.4765500000000005,1.0692500000000005,1.4041500000000002,0.46935,1.4041500000000002,1.06085,1.34685,0.46935,1.34685,1.0514500000000002,1.30265,0.46925,1.30265,1.0418500000000002,1.2692500000000002,0.46915,1.2692500000000002
50,Sb,51.0,-7.898458370518463e-19,-7.898458370518463e-19,-7.898458370518463e-19,-7.898458370518463e-19,-2.5550796575466897e-19,1.3633040709299977e-18,-2.5209287822315523e-19,1.356995532518976e-18,1.00985,0.44825,1.31455,1.31455,1.00415,1.2695500000000002,0.44825,1.2694500000000002,0.99805,1.23185,0.44825,1.23195,0.99145,1.2010500000000002,0.44815,1.2010500000000002,0.98455,1.17555,0.44815,1.17555
51,Te,52.0,-9.738061544754818e-19,-9.738061544754818e-19,7.509241604027521e-19,-9.738061544754818e-19,-4.033079419107704e-19,1.5871131484699129e-18,-4.0030062435363844e-19,1.5814909184488513e-18,0.95265,0.42925,1.19395,1.19395,0.94885,1.1664500000000002,0.42925,1.1664500000000002,0.94435,1.1424500000000002,0.42925,1.1425500000000002,0.93935,1.1218500000000002,0.42915,1.1220500000000002,0.93395,1.10455,0.42915,1.1044500000000002
52,I,53.0,-1.1568468225187778e-18,-1.1568468225187778e-18,7.53671893307424e-19,-1.1568468225187778e-18,-5.461568718662312e-19,1.8082875907756412e-18,-5.452239084114817e-19,1.8038457964133374e-18,0.90395,0.41195,1.10895,1.10885,0.90095,1.0875500000000002,0.41195,1.0877500000000002,0.8974500000000001,1.0692500000000005,0.41195,1.0693500000000002,0.8934500000000001,1.0535500000000002,0.41185,1.0536500000000002,0.88915,1.04045,0.41185,1.04045
53,Xe,54.0,-1.341694745790336e-18,-1.341694745790336e-18,2.1342114112690561e-19,2.1342114112690561e-19,2.984945247119946e-19,2.03489945201586e-18,2.9533081868868483e-19,2.0312347133203773e-18,2.69635,,,2.69635,2.63875,,,2.63875,0.85585,1.0075500000000002,0.39605,1.0075500000000002,0.85395,0.99885,0.39605,0.99885,0.85195,0.99145,0.39605,0.99145
54,Cs,55.0,-3.4345219349441283e-19,-3.4345219349441283e-19,-3.4345219349441283e-19,-3.4345219349441283e-19,-5.814598562942295e-20,6.386487177383433e-19,-5.778890853563521e-20,6.407344633072321e-19,2.84415,,,2.84415,2.60325,,,2.60325,2.45905,,,2.45905,2.37465,,,2.37465,0.81365,0.93825,0.38155,0.93825
55,Ba,56.0,-5.312721543975552e-19,-5.312721543975552e-19,-3.221704814403264e-19,-3.221704814403264e-19,1.598967781465231e-19,8.842916494546515e-19,1.668843189991488e-19,8.831405816810305e-19,2.58285,,,1.2818500000000002,2.30975,,,1.2817500000000002,2.14815,,,2.14815,2.08475,,,2.08475,2.03905,,,2.03905
56,La,57.0,-5.422855164889344e-19,-4.12304131596672e-19,-4.12304131596672e-19,-4.12304131596672e-19,7.882460636236034e-20,9.304282318516231e-19,8.555302719747841e-20,9.34813982055072e-19,2.19045,1.3100500000000002,,1.3100500000000002,2.10655,,1.2551500000000002,1.2551500000000002,2.02335,,1.21195,1.21195,1.94695,,1.17735,0.39875,1.90515,,1.16345,1.90515
57,Ce,58.0,-5.767595508386879e-19,-4.0748478432130563e-19,-4.0748478432130563e-19,-4.0748478432130563e-19,8.971194124589624e-20,9.46870088764125e-19,9.614181248434561e-20,1.0214356610586241e-18,2.11085,1.3201500000000002,,1.32025,2.05835,,1.2547500000000005,1.2546500000000005,2.00015,,1.2030500000000002,0.38085,1.93105,,1.1567500000000002,0.38085,1.89425,,1.14285,0.38195
58,Pr,59.0,-5.341592766682367e-19,-3.2897652772548483e-19,-3.2897652772548483e-19,-3.2897652772548483e-19,1.6141533716243285e-19,9.21667770401125e-19,1.6583969984238721e-19,9.698712086947969e-19,2.15115,,,0.36285,2.06855,,,0.36365,1.98575,,,0.36455,1.9039500000000005,,,0.36365,1.86075,,,0.36465
59,Nd,60.0,-5.3238246279576965e-19,-2.93094180126048e-19,-2.93094180126048e-19,-2.93094180126048e-19,2.0940424400241501e-19,9.370070093590045e-19,2.12200282541856e-19,9.7468414726368e-19,2.07295,,,0.34895,2.02245,,,0.34965,1.96485,,,0.35025,1.8936500000000005,,,0.34925,1.85445,,,0.34995
60,Pm,61.0,-5.395506009972288e-19,-3.2644669084124173e-19,-3.2644669084124173e-19,-3.2644669084124173e-19,2.3293454686239054e-19,9.488482802117911e-19,2.359221095894208e-19,9.717794010501694e-19,2.11635,,,0.33605,2.03365,,,0.33655,1.94135,,,0.33665,1.86045,,,0.33595,1.81535,,,0.33655
61,Sm,62.0,-5.4910598236368e-19,-3.8125234650894723e-19,-3.8125234650894723e-19,-3.8125234650894723e-19,2.5637573666236384e-19,9.611084561539645e-19,2.669658837940416e-19,9.759466624408705e-19,2.09625,,,0.32415,2.01495,,,0.32465,1.9118500000000005,,,0.32435,1.83775,,,0.32395,1.7918500000000002,,,0.32445
62,Eu,63.0,-4.258184913931201e-19,-4.258184913931201e-19,-4.258184913931201e-19,-4.258184913931201e-19,2.707607032049718e-19,9.712283324082654e-19,2.911443311785344e-19,9.805849637580864e-19,2.12645,,,0.31325,2.01385,,,0.31365,1.8854500000000003,,,0.31305,1.81745,,,0.31295,1.7754500000000002,,,0.31335
63,Gd,64.0,-3.0545497275552003e-19,-3.0545497275552003e-19,-1.6545677963001598e-19,-3.0545497275552003e-19,3.7214933971479573e-19,9.782948285219321e-19,3.786199703209729e-19,1.0068382298665153e-18,1.9301500000000005,1.3960500000000002,,0.30315,1.89805,,1.3116500000000002,0.30355,1.8492500000000005,,1.1908500000000002,0.30345,1.7989500000000005,,1.10885,0.30295,1.7697500000000002,,1.0832500000000005,0.30345
64,Tb,65.0,-4.827806767924224e-19,-4.827806767924224e-19,-1.8947340717580802e-19,-4.827806767924224e-19,2.9830460268777384e-19,9.934987316325606e-19,3.416096903804928e-19,9.989859622479745e-19,2.08985,,,0.29385,1.9723500000000005,,,0.29415,1.83225,,,0.29345,1.77235,,,0.29345,1.7328500000000002,,,0.29375
65,Dy,66.0,-4.986374188084799e-19,-4.986374188084799e-19,-1.7006143523819518e-19,-4.986374188084799e-19,3.082576443080188e-19,1.0059434142266129e-18,3.618099332155392e-19,1.0109157693664512e-18,2.06605,,,0.28515,1.94865,,,0.28535,1.80655,,,0.28475,1.74985,,,0.28475,1.7121500000000005,,,0.28495
66,Ho,67.0,-5.06239746874176e-19,-5.06239746874176e-19,-1.496224680866496e-19,-5.06239746874176e-19,3.193875487071172e-19,1.019226115302894e-18,3.8146543599951364e-19,1.025306519774477e-18,2.02785,,,0.27705,1.92855,,,0.27715,1.7813500000000002,,,0.27665,1.7203500000000005,,,0.27665,1.67935,,,0.27685
67,Er,68.0,-5.089970928385728e-19,-5.089970928385728e-19,-1.303418746319424e-19,-5.089970928385728e-19,3.2286480071268283e-19,1.0342438454791528e-18,3.9830591446074244e-19,1.0423264420172353e-18,1.98155,,,0.26945,1.89525,,,0.26955,1.7573500000000002,,,0.26905,1.7050500000000002,,,0.26905,1.67135,,,0.26915
68,Tm,69.0,-5.047272921441407e-19,-5.047272921441407e-19,-1.102393645707648e-19,-5.047272921441407e-19,3.4316019679372282e-19,1.049899578436189e-18,3.8883865280843523e-19,1.061417978630688e-18,1.97935,,,0.26225,1.8614500000000005,,,0.26225,1.73365,,,0.26195,1.68315,,,1.68315,1.6519500000000005,,,0.26205
69,Yb,70.0,-4.94080828498925e-19,-4.94080828498925e-19,-8.958891010527359e-20,-8.958891010527359e-20,2.837429801423527e-19,1.0690552181208372e-18,2.8649321244835204e-19,1.0876087598509056e-18,1.84985,,,2.14575,1.77205,,,2.14525,1.7103500000000005,,,0.25525,1.6521500000000002,,,1.6521500000000002,1.61285,,,1.61285
70,Lu,71.0,-7.403690208249215e-19,-2.7290355035072643e-19,-2.7290355035072643e-19,-2.7290355035072643e-19,2.2903733233410453e-19,8.800182759059586e-19,2.402672125850304e-19,8.601445406426879e-19,1.7516500000000002,1.1139500000000002,,1.1139500000000002,1.67125,,1.03395,1.03395,1.6054500000000005,,0.98415,0.98415,1.5532500000000002,,0.95125,0.95125,1.51425,,0.92955,1.51425
71,Hf,72.0,-8.227241034872832e-19,-4.37370184829088e-19,-4.37370184829088e-19,-4.37370184829088e-19,1.3569050096377617e-19,1.082032912823966e-18,1.4350856210167682e-19,1.0679596657734144e-18,1.67165,0.97045,,0.97045,1.58705,,0.92965,0.92965,1.5234500000000002,,0.90095,0.90095,1.4763500000000005,,0.87955,0.87955,1.4408500000000002,,0.8633500000000001,0.8633500000000001
72,Ta,73.0,-8.851833568725505e-19,-5.915572541083968e-19,-5.915572541083968e-19,-5.915572541083968e-19,2.6446184191420102e-20,1.2728380332037084e-18,3.31794756401472e-20,1.2612110054210686e-18,1.59055,0.87795,,0.87805,1.5167500000000005,,0.85765,0.85765,1.4571500000000002,,0.84085,0.84085,1.40955,,0.8270500000000001,0.8269500000000001,1.3723500000000002,,0.81535,0.81535
73,W,74.0,-9.355718115967106e-19,-7.401911792200129e-19,-7.401911792200129e-19,-7.401911792200129e-19,-8.58188122787254e-20,1.4420021694234142e-18,-7.953845616299521e-20,1.4465892491541118e-18,1.52655,0.81635,,0.81635,1.4562500000000005,,0.80395,0.80395,1.4002500000000002,,0.79325,0.79315,1.35675,,0.78395,0.78405,1.3321500000000002,,0.7796500000000001,0.7796500000000001
74,Re,75.0,-8.860901888399233e-19,-8.860901888399233e-19,-8.860901888399233e-19,-8.860901888399233e-19,-1.883781111711749e-19,1.5231948248865753e-18,-1.830438723965376e-19,1.5495739579858945e-18,1.47585,0.76875,,0.76875,1.40505,,0.7605500000000001,0.76065,1.35085,,0.7534500000000001,0.7534500000000001,1.3171500000000005,,0.7493500000000001,0.7493500000000001,1.3016500000000002,,0.74915,0.74905
75,Os,76.0,-9.92795151785203e-19,-9.994345717017984e-19,-1.9144408441939198e-20,-9.994345717017984e-19,-3.1849553688004404e-19,1.5142827174289165e-18,-3.1361966481511683e-19,1.5172596577209792e-18,1.41955,0.7322500000000001,,0.7322500000000001,1.3563500000000002,,0.72545,0.72545,1.31075,,0.7202500000000001,0.7202500000000001,1.29075,,0.7200500000000001,0.71995,1.2731500000000002,,0.71955,0.71955
76,Ir,77.0,-9.597566676876865e-19,-9.624146787015936e-19,5.9192415255456e-20,-9.624146787015936e-19,-3.871700979999034e-19,1.5057051124027031e-18,-4.401691873856258e-19,1.4906074496339712e-18,1.3757500000000005,0.70125,,0.70125,1.31495,,0.6949500000000001,0.6949500000000001,1.28865,,0.69455,0.69455,1.2668500000000005,,0.69435,0.69435,1.2371500000000002,,0.69055,0.69045
77,Pt,78.0,-9.201909160370305e-19,-9.201909160370305e-19,-9.089356252759104e-19,-9.201909160370305e-19,-3.863100496176413e-19,1.5444926708475517e-18,-3.956927643922177e-19,1.5081576923382146e-18,1.3357500000000002,0.67235,,0.67225,1.29605,,0.67105,1.29605,1.2687500000000005,,0.67095,0.67095,1.24035,,0.6696500000000001,0.6696500000000001,1.2045500000000002,,0.66535,0.66535
78,Au,79.0,-9.700586633594305e-19,-9.700586633594305e-19,-9.700586633594305e-19,-9.700586633594305e-19,-4.059297277304605e-19,1.5680711511595706e-18,-4.046313077596608e-19,1.5613082995566337e-18,1.30065,0.64635,,1.30065,1.2595500000000002,,0.64525,1.2595500000000002,1.2248500000000002,,0.64405,1.2248500000000002,1.19575,,0.64275,1.19575,1.17165,,0.64135,0.64135
79,Hg,80.0,-1.1383272629589504e-18,-1.1383272629589504e-18,-1.5039952374773762e-19,-1.5039952374773762e-19,2.416518937385806e-19,1.7766972179956413e-18,2.469691173898368e-19,1.7745483947253893e-18,1.2001500000000005,0.61655,1.92145,1.92145,1.18335,1.81975,0.6163500000000001,1.81975,1.16535,,0.61615,1.16535,1.14105,,0.61505,1.14105,1.12115,,0.61375,1.12115
80,Tl,81.0,-1.547205940940352e-18,-3.817794626171904e-19,-3.817794626171904e-19,-3.817794626171904e-19,5.673111948280724e-20,8.608992619602891e-19,6.201865481454719e-20,8.515825087811329e-19,1.11145,0.59095,1.7274500000000002,1.7274500000000002,1.1043500000000002,1.6263500000000002,0.59085,1.6263500000000002,1.0963500000000002,1.5377500000000002,0.59075,1.5377500000000002,1.0880500000000002,1.4644500000000005,0.59045,1.4644500000000005,1.0792500000000005,1.4045500000000002,0.5900500000000001,1.0792500000000005
81,Pb,82.0,-1.9517427202793862e-18,-5.728934986526976e-19,-5.728934986526976e-19,-5.728934986526976e-19,-9.65821547183089e-20,1.0897337907774356e-18,-9.21267578726208e-20,1.0822222420517761e-18,1.0475500000000002,0.56805,1.51985,1.51985,1.0430500000000005,1.45575,0.5679500000000001,1.45565,1.03805,1.4008500000000002,0.5678500000000001,1.4008500000000002,1.03255,1.35525,0.56765,1.35525,1.02675,1.31825,0.56745,1.31825
82,Bi,83.0,-7.5164674205873295e-19,-7.5164674205873295e-19,-7.5164674205873295e-19,-7.5164674205873295e-19,-2.4391596155622946e-19,1.3020908783846468e-18,-2.400332947983936e-19,1.2954447132777025e-18,0.99385,0.54735,1.38145,1.3815500000000005,0.99095,1.33505,0.54725,1.33515,0.98775,1.2972500000000002,0.54725,1.2971500000000002,0.98405,1.2667500000000005,0.54715,1.2667500000000005,0.98025,1.2426500000000005,0.54695,1.2426500000000005
83,Po,84.0,-9.236259827120257e-19,-9.236259827120257e-19,7.347966505377793e-19,-9.236259827120257e-19,-3.7767064862337024e-19,1.508790183597633e-18,-3.750198794540352e-19,1.5036363499143168e-18,0.94905,0.52845,1.2693500000000002,1.2693500000000002,0.94665,1.24015,0.52845,1.24025,0.94365,1.2149500000000002,0.52845,1.2148500000000002,0.94025,1.19325,0.52835,1.19335,0.93645,1.17505,0.52825,1.17505
84,At,85.0,-1.0927869946893312e-18,-1.0927869946893312e-18,7.465454116981055e-19,-1.0927869946893312e-18,-5.118149209973071e-19,1.709536201014565e-18,-5.1141317518273935e-19,1.7057044675062337e-18,0.90875,0.51135,1.18975,1.18985,0.90675,1.1668500000000002,0.51125,1.1668500000000002,0.90445,1.14715,0.51125,1.14715,0.90165,1.1303500000000002,0.51115,1.1303500000000002,0.8985500000000001,1.1161500000000002,0.51105,1.1161500000000002
85,Rn,86.0,-1.2615506668646785e-18,-1.2615506668646785e-18,2.3038498718793603e-19,2.3038498718793603e-19,2.626320440948473e-19,1.9092965113985213e-18,2.608631930454144e-19,1.9072743081690814e-18,2.62245,,,2.62245,2.56725,,,2.56725,0.86905,1.0895500000000002,0.49545,1.0895500000000002,0.86765,1.07715,0.49535,1.07715,0.86605,1.06675,0.49525,1.06675
86,Fr,87.0,-3.630788570992129e-19,-3.630788570992129e-19,-3.630788570992129e-19,-3.630788570992129e-19,-7.167024686427219e-20,6.70910963275589e-19,-7.109658754799999e-20,6.70735220531712e-19,2.74815,,,2.74815,2.52325,,,2.52325,2.38835,,,2.38835,2.30775,,,2.30775,0.83365,1.02215,0.48065,1.02225
87,Ra,88.0,-5.434086423001152e-19,-5.434086423001152e-19,-2.0338030024435201e-19,-2.0338030024435201e-19,1.6918498055015082e-19,9.010292041185157e-19,2.0566179975237122e-19,8.997807880646593e-19,2.29245,,,2.65305,2.23345,,,1.50395,2.12835,,,2.12835,2.07085,,,2.07085,2.02955,,,2.02955
88,Ac,89.0,-6.418607934716543e-19,-3.674576058038592e-19,-3.674576058038592e-19,-3.674576058038592e-19,5.925063837186466e-20,8.473496702881771e-19,6.624359456359681e-20,8.348077195613568e-19,2.14695,1.5579500000000002,,1.5579500000000002,2.05035,,1.4750500000000002,1.4750500000000002,1.97135,,1.41115,1.41115,1.90945,,1.3615500000000005,1.3615500000000005,1.8611500000000003,,1.3234500000000002,1.8611500000000003
89,Th,90.0,-6.706230681682561e-19,-4.2564866067131534e-19,-4.2564866067131534e-19,-4.2564866067131534e-19,4.395464215610221e-20,9.188039437478292e-19,4.901378718351361e-20,9.11990976091776e-19,1.9963500000000003,1.38475,,1.3845500000000002,1.93675,,1.34905,1.34915,1.88195,,1.3181500000000002,1.3181500000000002,1.8329500000000003,,1.2908500000000005,1.2908500000000005,1.79025,,1.2669500000000002,0.61755
90,Pa,91.0,-6.480580126409088e-19,-3.5539481802585603e-19,-3.5539481802585603e-19,-3.5539481802585603e-19,1.1341532721249474e-19,8.875233357752058e-19,1.1811085830875522e-19,8.444159727562946e-19,1.9724500000000005,1.3998500000000005,,1.3997500000000005,1.92125,,1.35655,1.35655,1.87105,,1.31825,0.5891500000000001,1.8230500000000005,,1.28445,0.59175,1.7529500000000002,,1.2309500000000002,0.58675
91,U,92.0,-6.248889365275199e-19,-2.8881957290175363e-19,-2.8881957290175363e-19,-2.8881957290175363e-19,1.863549786269721e-19,9.089995040214865e-19,1.885297251461568e-19,8.573551511458754e-19,1.93965,1.41155,,0.56375,1.90095,,1.3660500000000002,0.5659500000000001,1.86105,,1.3251500000000005,0.56825,1.81035,,1.27645,0.56865,1.7469500000000002,,1.22375,0.56475
92,Np,93.0,-6.004477321772162e-19,-2.2186941844838402e-19,-2.2186941844838402e-19,-2.2186941844838402e-19,2.5758570041714284e-19,9.403348423559204e-19,2.5702598003859844e-19,9.977346623071294e-19,1.92085,1.4309500000000002,,0.54455,1.88635,,1.38305,0.54645,1.84955,,1.3379500000000002,0.54845,1.7773500000000002,,1.2510500000000002,0.54495,1.7353500000000002,,1.2166500000000002,0.54465
93,Pu,94.0,-6.09477599612045e-19,-3.1019741555308804e-19,-3.1019741555308804e-19,-3.1019741555308804e-19,2.660700107011151e-19,1.0284994655193365e-18,2.728715068183104e-19,1.0842121454148097e-18,2.00325,,,0.52345,1.91645,,,0.52415,1.83055,,,0.52535,1.7573500000000002,,,0.52705,1.7284500000000005,,,0.52745
94,Am,95.0,-3.9970942118056323e-19,-3.9970942118056323e-19,-3.9970942118056323e-19,-3.9970942118056323e-19,3.1572152833276225e-19,1.0562084212786569e-18,3.569216923454784e-19,1.0918160756571266e-18,1.9160500000000005,,,0.50775,1.87815,,,0.50915,1.7991500000000002,,,0.50685,1.7329500000000002,,,0.50525,1.7012500000000002,,,0.50665
95,Cm,96.0,-3.4816579711280643e-19,-3.4816579711280643e-19,-1.027700171645952e-19,-3.4816579711280643e-19,4.064150910757618e-19,1.0412260670963762e-18,4.512674648379071e-19,1.0848930704786497e-18,1.84675,1.5332500000000002,,0.49425,1.82415,,1.4793500000000002,0.49555,1.7708500000000005,,1.3377500000000002,0.49355,1.7206500000000002,,1.24005,0.49195,1.6966500000000002,,1.2123500000000005,0.49305
96,Bk,97.0,-5.758607297544194e-19,-5.758607297544194e-19,-1.317902422971456e-19,-5.758607297544194e-19,3.0020098698764894e-19,1.0550110345036838e-18,3.9302514031858563e-19,1.0595402276311105e-18,1.97175,,,0.47875,1.89495,,,0.47885,1.7483500000000003,,,0.47525,1.69785,,,0.47565,1.65935,,,0.47665
97,Cf,98.0,-6.229935615851136e-19,-6.315764217427394e-19,-1.0005913432220161e-19,-6.315764217427394e-19,2.5451248535985607e-19,1.0450263979691993e-18,3.182419443661248e-19,1.0484451545320704e-18,2.01225,,,0.46495,1.8835500000000005,,,0.46455,1.72805,,,0.46175,1.6839500000000005,,,0.46235,1.64685,,,0.46325
98,Es,99.0,-6.180172010009088e-19,-6.220723100281535e-19,-5.442914416181762e-20,-6.220723100281535e-19,2.205706780698556e-19,1.0353260837424036e-18,2.4783749711831035e-19,1.0411440356710848e-18,2.00795,,,0.45215,1.8572500000000003,,,0.45125,1.7142500000000005,,,0.44935,1.66735,,,0.44995,1.62705,,,0.45065
99,Fm,100.0,-6.125649939603264e-19,-6.133580713876224e-19,-1.1244075524774402e-20,-6.133580713876224e-19,1.9470323211424586e-19,1.0274662538758724e-18,1.96490940774912e-19,1.0363775602242049e-18,1.98335,,,0.44025,1.83195,,,0.43905,1.70135,,,0.43785,1.65115,,,0.43835,1.6062500000000002,,,0.43895
100,Md,101.0,-6.079138752301439e-19,-6.10877901978624e-19,2.6703477738873603e-20,-6.10877901978624e-19,1.5408853539676664e-19,1.0216325685885633e-18,1.332257925493824e-19,1.0340560063006656e-18,2.03065,,,0.42915,1.79635,,,0.42775,1.67935,,,1.67935,1.63535,,,1.63535,1.5994500000000005,,,0.42775
101,No,102.0,-6.712847671126463e-19,-6.712847671126463e-19,-2.06808958212864e-20,-2.06808958212864e-20,3.532953257998439e-19,1.1362385052637353e-18,3.55851438362784e-19,1.1353680427403328e-18,1.7434500000000002,,,2.18405,1.6802500000000002,,,2.18375,1.62895,,,1.62895,1.5797500000000002,,,1.5797500000000002,1.54265,,,1.54265
